STUDYID	RDOMAIN	USUBJID	IDVAR	IDVARVAL	QNAM	QLABEL	QVAL	QORIG	QEVAL
BNT162-01	DV	BNT162-01-276-01-0001	DVSEQ	1	DVREAS	Reason for Deviation	Done by mistake.	CRF	""
BNT162-01	DV	BNT162-01-276-01-0003	DVSEQ	1	DVREAS	Reason for Deviation	Done by mistake.	CRF	""
BNT162-01	DV	BNT162-01-276-01-0005	DVSEQ	1	DVREAS	Reason for Deviation	Done by mistake.	CRF	""
BNT162-01	DV	BNT162-01-276-01-0007	DVSEQ	1	DVREAS	Reason for Deviation	Due to urgent private reason visit was postponed in agreement with investigator	CRF	""
BNT162-01	DV	BNT162-01-276-01-0008	DVSEQ	1	DVREAS	Reason for Deviation	Done by mistake.	CRF	""
BNT162-01	DV	BNT162-01-276-01-0008	DVSEQ	2	DVREAS	Reason for Deviation	logistic reason	CRF	""
BNT162-01	DV	BNT162-01-276-01-0008	DVSEQ	3	DVREAS	Reason for Deviation	logistic reason	CRF	""
BNT162-01	DV	BNT162-01-276-01-0008	DVSEQ	4	DVREAS	Reason for Deviation	logistic reason	CRF	""
BNT162-01	DV	BNT162-01-276-01-0015	DVSEQ	1	DVREAS	Reason for Deviation	Acc. to CTP 3.0 section 'trial design' not necessary	CRF	""
BNT162-01	DV	BNT162-01-276-01-0015	DVSEQ	2	DVREAS	Reason for Deviation	logistic reason	CRF	""
BNT162-01	DV	BNT162-01-276-01-0015	DVSEQ	3	DVREAS	Reason for Deviation	logistic reason	CRF	""
BNT162-01	DV	BNT162-01-276-01-0015	DVSEQ	4	DVREAS	Reason for Deviation	logistic reason	CRF	""
BNT162-01	DV	BNT162-01-276-01-0015	DVSEQ	5	DVREAS	Reason for Deviation	Done by mistake	CRF	""
BNT162-01	DV	BNT162-01-276-01-0016	DVSEQ	1	DVREAS	Reason for Deviation	logistic reason	CRF	""
BNT162-01	DV	BNT162-01-276-01-0016	DVSEQ	2	DVREAS	Reason for Deviation	done by mistake	CRF	""
BNT162-01	DV	BNT162-01-276-01-0016	DVSEQ	3	DVREAS	Reason for Deviation	done by mistake	CRF	""
BNT162-01	DV	BNT162-01-276-01-0017	DVSEQ	1	DVREAS	Reason for Deviation	Done by mistake.	CRF	""
BNT162-01	DV	BNT162-01-276-01-0017	DVSEQ	2	DVREAS	Reason for Deviation	done by mistake	CRF	""
BNT162-01	DV	BNT162-01-276-01-0017	DVSEQ	3	DVREAS	Reason for Deviation	logistic reason	CRF	""
BNT162-01	DV	BNT162-01-276-01-0018	DVSEQ	1	DVREAS	Reason for Deviation	Done by mistake.	CRF	""
BNT162-01	DV	BNT162-01-276-01-0018	DVSEQ	2	DVREAS	Reason for Deviation	done by mistake	CRF	""
BNT162-01	DV	BNT162-01-276-01-0018	DVSEQ	3	DVREAS	Reason for Deviation	Acc. to CTP 3.0 section 'trial design' not necessary	CRF	""
BNT162-01	DV	BNT162-01-276-01-0018	DVSEQ	4	DVREAS	Reason for Deviation	logistic reason	CRF	""
BNT162-01	DV	BNT162-01-276-01-0019	DVSEQ	1	DVREAS	Reason for Deviation	done by mistake	CRF	""
BNT162-01	DV	BNT162-01-276-01-0019	DVSEQ	2	DVREAS	Reason for Deviation	logistic reason	CRF	""
BNT162-01	DV	BNT162-01-276-01-0020	DVSEQ	1	DVREAS	Reason for Deviation	Done by mistake.	CRF	""
BNT162-01	DV	BNT162-01-276-01-0020	DVSEQ	2	DVREAS	Reason for Deviation	done by mistake	CRF	""
BNT162-01	DV	BNT162-01-276-01-0020	DVSEQ	3	DVREAS	Reason for Deviation	logistic reason	CRF	""
BNT162-01	DV	BNT162-01-276-01-0023	DVSEQ	1	DVREAS	Reason for Deviation	Acc. to CTP 3.0 section 'trial design' not necessary	CRF	""
BNT162-01	DV	BNT162-01-276-01-0025	DVSEQ	1	DVREAS	Reason for Deviation	done by mistake	CRF	""
BNT162-01	DV	BNT162-01-276-01-0025	DVSEQ	2	DVREAS	Reason for Deviation	Acc. to CTP 3.0 section 'trial design' not necessary	CRF	""
BNT162-01	DV	BNT162-01-276-01-0031	DVSEQ	1	DVREAS	Reason for Deviation	Visit 2 Day 2 will be postponed to day 3, Subject is unable to come into Unit due to Adverse Event	CRF	""
BNT162-01	DV	BNT162-01-276-01-0033	DVSEQ	1	DVREAS	Reason for Deviation	Acc. to CTP 3.0 section 'trial design' not necessary	CRF	""
BNT162-01	DV	BNT162-01-276-01-0033	DVSEQ	2	DVREAS	Reason for Deviation	Due to logistical reason measurements at timepoints 1h, 3h and 6h after vaccination were performed out of the given timeframe (+/- 15 min.)	CRF	""
BNT162-01	DV	BNT162-01-276-01-0033	DVSEQ	3	DVREAS	Reason for Deviation	Due to logistical reason measurements at timepoints 1h, 3h and 6h after vaccination were performed out of the given timeframe (+/- 15 min.)	CRF	""
BNT162-01	DV	BNT162-01-276-01-0033	DVSEQ	4	DVREAS	Reason for Deviation	Due to logistical reason measurements at timepoints 1h, 3h and 6h after vaccination were performed out of the given timeframe (+/- 15 min.)	CRF	""
BNT162-01	DV	BNT162-01-276-01-0036	DVSEQ	1	DVREAS	Reason for Deviation	Missing entries.	CRF	""
BNT162-01	DV	BNT162-01-276-01-0040	DVSEQ	1	DVREAS	Reason for Deviation	Missing entries.	CRF	""
BNT162-01	DV	BNT162-01-276-01-0041	DVSEQ	1	DVREAS	Reason for Deviation	Missing Entries	CRF	""
BNT162-01	DV	BNT162-01-276-01-0041	DVSEQ	2	DVREAS	Reason for Deviation	Done by mistake.	CRF	""
BNT162-01	DV	BNT162-01-276-01-0042	DVSEQ	1	DVREAS	Reason for Deviation	Missing entries.	CRF	""
BNT162-01	DV	BNT162-01-276-01-0043	DVSEQ	1	DVREAS	Reason for Deviation	Missing entries	CRF	""
BNT162-01	DV	BNT162-01-276-01-0043	DVSEQ	2	DVREAS	Reason for Deviation	Done by mistake	CRF	""
BNT162-01	DV	BNT162-01-276-01-0043	DVSEQ	3	DVREAS	Reason for Deviation	Logistical reason	CRF	""
BNT162-01	DV	BNT162-01-276-01-0043	DVSEQ	4	DVREAS	Reason for Deviation	Logistical reason	CRF	""
BNT162-01	DV	BNT162-01-276-01-0043	DVSEQ	5	DVREAS	Reason for Deviation	Logistical reason	CRF	""
BNT162-01	DV	BNT162-01-276-01-0043	DVSEQ	6	DVREAS	Reason for Deviation	Done by Mistake	CRF	""
BNT162-01	DV	BNT162-01-276-01-0045	DVSEQ	1	DVREAS	Reason for Deviation	Missing entries	CRF	""
BNT162-01	DV	BNT162-01-276-01-0045	DVSEQ	2	DVREAS	Reason for Deviation	Done by mistake	CRF	""
BNT162-01	DV	BNT162-01-276-01-0045	DVSEQ	3	DVREAS	Reason for Deviation	Acc. to CTP 3.0 section 'trial design' not necessary	CRF	""
BNT162-01	DV	BNT162-01-276-01-0045	DVSEQ	4	DVREAS	Reason for Deviation	Due to logistical reason measurements at timepoints 1h, 3h and 6h after vaccination were performed out of the given timeframe (+/- 15 min.)	CRF	""
BNT162-01	DV	BNT162-01-276-01-0045	DVSEQ	5	DVREAS	Reason for Deviation	Due to logistical reason measurements at timepoints 1h, 3h and 6h after vaccination were performed out of the given timeframe (+/- 15 min.)	CRF	""
BNT162-01	DV	BNT162-01-276-01-0045	DVSEQ	6	DVREAS	Reason for Deviation	Due to logistical reason measurements at timepoints 1h, 3h and 6h after vaccination were performed out of the given timeframe (+/- 15 min.)	CRF	""
BNT162-01	DV	BNT162-01-276-01-0048	DVSEQ	1	DVREAS	Reason for Deviation	Missing entries.	CRF	""
BNT162-01	DV	BNT162-01-276-01-0048	DVSEQ	2	DVREAS	Reason for Deviation	Due to private reason of the subject Visit 7 was not performed	CRF	""
BNT162-01	DV	BNT162-01-276-01-0050	DVSEQ	1	DVREAS	Reason for Deviation	Done by mistake	CRF	""
BNT162-01	DV	BNT162-01-276-01-0052	DVSEQ	1	DVREAS	Reason for Deviation	Missing entries.	CRF	""
BNT162-01	DV	BNT162-01-276-01-0052	DVSEQ	2	DVREAS	Reason for Deviation	Missing entries.	CRF	""
BNT162-01	DV	BNT162-01-276-01-0055	DVSEQ	1	DVREAS	Reason for Deviation	Missing Entries	CRF	""
BNT162-01	DV	BNT162-01-276-01-0055	DVSEQ	2	DVREAS	Reason for Deviation	Done by mistake.	CRF	""
BNT162-01	DV	BNT162-01-276-01-0055	DVSEQ	3	DVREAS	Reason for Deviation	Done by Mistake	CRF	""
BNT162-01	DV	BNT162-01-276-01-0056	DVSEQ	1	DVREAS	Reason for Deviation	due to logistic reason assessment was performed later	CRF	""
BNT162-01	DV	BNT162-01-276-01-0056	DVSEQ	2	DVREAS	Reason for Deviation	Missing entries.	CRF	""
BNT162-01	DV	BNT162-01-276-01-0056	DVSEQ	3	DVREAS	Reason for Deviation	Done by mistake.	CRF	""
BNT162-01	DV	BNT162-01-276-01-0056	DVSEQ	4	DVREAS	Reason for Deviation	due to logistic reason phone call was performed earlier.	CRF	""
BNT162-01	DV	BNT162-01-276-01-0059	DVSEQ	1	DVREAS	Reason for Deviation	Missing entries	CRF	""
BNT162-01	DV	BNT162-01-276-01-0059	DVSEQ	2	DVREAS	Reason for Deviation	Done by mistake.	CRF	""
BNT162-01	DV	BNT162-01-276-01-0059	DVSEQ	3	DVREAS	Reason for Deviation	Due to logistic reason phone call was performed earlier	CRF	""
BNT162-01	DV	BNT162-01-276-01-0060	DVSEQ	1	DVREAS	Reason for Deviation	Missing entries.	CRF	""
BNT162-01	DV	BNT162-01-276-01-0060	DVSEQ	2	DVREAS	Reason for Deviation	"Subject had lost his ""take-home given Paracetamol tablets"",  \n so instead he took Novaminsulfon"	CRF	""
BNT162-01	DV	BNT162-01-276-01-0060	DVSEQ	3	DVREAS	Reason for Deviation	due to logistic reason phone call was performed earlier.	CRF	""
BNT162-01	DV	BNT162-01-276-01-0068	DVSEQ	1	DVREAS	Reason for Deviation	Done by mistake.	CRF	""
BNT162-01	DV	BNT162-01-276-01-0073	DVSEQ	1	DVREAS	Reason for Deviation	Done by mistake.	CRF	""
BNT162-01	DV	BNT162-01-276-01-0075	DVSEQ	1	DVREAS	Reason for Deviation	Done by mistake.	CRF	""
BNT162-01	DV	BNT162-01-276-01-0076	DVSEQ	1	DVREAS	Reason for Deviation	Done by mistake.	CRF	""
BNT162-01	DV	BNT162-01-276-01-0083	DVSEQ	1	DVREAS	Reason for Deviation	Done by mistake.	CRF	""
BNT162-01	DV	BNT162-01-276-01-0089	DVSEQ	1	DVREAS	Reason for Deviation	Done by mistake.	CRF	""
BNT162-01	DV	BNT162-01-276-01-0103	DVSEQ	1	DVREAS	Reason for Deviation	Done by mistake.	CRF	""
BNT162-01	DV	BNT162-01-276-01-0104	DVSEQ	1	DVREAS	Reason for Deviation	Telephone call earlier due to logistic reason	CRF	""
BNT162-01	DV	BNT162-01-276-01-0151	DVSEQ	1	DVREAS	Reason for Deviation	done by mistake	CRF	""
BNT162-01	DV	BNT162-01-276-01-0151	DVSEQ	2	DVREAS	Reason for Deviation	not performed by mistake	CRF	""
BNT162-01	DV	BNT162-01-276-01-0151	DVSEQ	3	DVREAS	Reason for Deviation	By mistake time was missing on ICF Version 6.0, dated on 26 JUN 2020 for this Subject.	CRF	""
BNT162-01	DV	BNT162-01-276-01-0170	DVSEQ	1	DVREAS	Reason for Deviation	values not entered by mistake	CRF	""
BNT162-01	DV	BNT162-01-276-01-0171	DVSEQ	1	DVREAS	Reason for Deviation	done by mistake	CRF	""
BNT162-01	DV	BNT162-01-276-01-0171	DVSEQ	2	DVREAS	Reason for Deviation	not performed by mistake	CRF	""
BNT162-01	DV	BNT162-01-276-01-0171	DVSEQ	3	DVREAS	Reason for Deviation	By mistake time was missing on ICF Version 6.0, dated on 26 JUN 2020 for this Subject.	CRF	""
BNT162-01	DV	BNT162-01-276-01-0172	DVSEQ	1	DVREAS	Reason for Deviation	done by mistake	CRF	""
BNT162-01	DV	BNT162-01-276-01-0172	DVSEQ	2	DVREAS	Reason for Deviation	not performed by mistake	CRF	""
BNT162-01	DV	BNT162-01-276-01-0172	DVSEQ	3	DVREAS	Reason for Deviation	By mistake time was missing on ICF Version 6.0, dated on 26 JUN 2020 for this Subject.	CRF	""
BNT162-01	DV	BNT162-01-276-01-0173	DVSEQ	1	DVREAS	Reason for Deviation	done by mistake	CRF	""
BNT162-01	DV	BNT162-01-276-01-0173	DVSEQ	2	DVREAS	Reason for Deviation	not performed by mistake	CRF	""
BNT162-01	DV	BNT162-01-276-01-0173	DVSEQ	3	DVREAS	Reason for Deviation	By mistake time was missing on ICF Version 6.0, dated on 26 JUN 2020 for this Subject.	CRF	""
BNT162-01	DV	BNT162-01-276-01-0175	DVSEQ	1	DVREAS	Reason for Deviation	done by mistake	CRF	""
BNT162-01	DV	BNT162-01-276-01-0175	DVSEQ	2	DVREAS	Reason for Deviation	not performed by mistake	CRF	""
BNT162-01	DV	BNT162-01-276-01-0175	DVSEQ	3	DVREAS	Reason for Deviation	By mistake time was missing on ICF Version 6.0, dated on 26 JUN 2020 for this Subject.	CRF	""
BNT162-01	DV	BNT162-01-276-01-0176	DVSEQ	1	DVREAS	Reason for Deviation	done by mistake	CRF	""
BNT162-01	DV	BNT162-01-276-01-0176	DVSEQ	2	DVREAS	Reason for Deviation	not performed by mistake	CRF	""
BNT162-01	DV	BNT162-01-276-01-0176	DVSEQ	3	DVREAS	Reason for Deviation	By mistake time was missing on ICF Version 6.0, dated on 26 JUN 2020 for this Subject.	CRF	""
BNT162-01	DV	BNT162-01-276-01-0178	DVSEQ	1	DVREAS	Reason for Deviation	done by mistake	CRF	""
BNT162-01	DV	BNT162-01-276-01-0178	DVSEQ	2	DVREAS	Reason for Deviation	By mistake time was missing on ICF Version 6.0, dated on 26 JUN 2020 for this Subject.	CRF	""
BNT162-01	DV	BNT162-01-276-01-0179	DVSEQ	1	DVREAS	Reason for Deviation	done by mistake	CRF	""
BNT162-01	DV	BNT162-01-276-01-0179	DVSEQ	2	DVREAS	Reason for Deviation	By mistake time was missing on ICF Version 6.0, dated on 26 JUN 2020 for this Subject.	CRF	""
BNT162-01	DV	BNT162-01-276-01-0181	DVSEQ	1	DVREAS	Reason for Deviation	Subject left the site earlier than planned	CRF	""
BNT162-01	DV	BNT162-01-276-01-0181	DVSEQ	2	DVREAS	Reason for Deviation	done by mistake	CRF	""
BNT162-01	DV	BNT162-01-276-01-0181	DVSEQ	3	DVREAS	Reason for Deviation	Subject left the site earlier than planned	CRF	""
BNT162-01	DV	BNT162-01-276-01-0181	DVSEQ	4	DVREAS	Reason for Deviation	due to private reasons	CRF	""
BNT162-01	DV	BNT162-01-276-01-0181	DVSEQ	5	DVREAS	Reason for Deviation	By mistake time was missing on ICF Version 6.0, dated on 26 JUN 2020 for this Subject.	CRF	""
BNT162-01	DV	BNT162-01-276-01-0182	DVSEQ	1	DVREAS	Reason for Deviation	By mistake time was missing on ICF Version 6.0, dated on 26 JUN 2020 for this Subject.	CRF	""
BNT162-01	DV	BNT162-01-276-01-0183	DVSEQ	1	DVREAS	Reason for Deviation	By mistake time was missing on ICF Version 6.0, dated on 26 JUN 2020 for this Subject.	CRF	""
BNT162-01	DV	BNT162-01-276-01-0183	DVSEQ	2	DVREAS	Reason for Deviation	done by mistake	CRF	""
BNT162-01	DV	BNT162-01-276-01-0183	DVSEQ	3	DVREAS	Reason for Deviation	Pregnancy test performed by mistake	CRF	""
BNT162-01	DV	BNT162-01-276-01-0194	DVSEQ	1	DVREAS	Reason for Deviation	done by mistake	CRF	""
BNT162-01	DV	BNT162-01-276-01-0194	DVSEQ	2	DVREAS	Reason for Deviation	not performed by mistake	CRF	""
BNT162-01	DV	BNT162-01-276-01-0194	DVSEQ	3	DVREAS	Reason for Deviation	done by mistake, cause Visit 5 was scheduled and performed for day 28, so no entries were at site by subject itself	CRF	""
BNT162-01	DV	BNT162-01-276-01-0194	DVSEQ	4	DVREAS	Reason for Deviation	done by mistake, cause Visit 5 was scheduled and performed for day 28, so no entries were at site by subject itself	CRF	""
BNT162-01	DV	BNT162-01-276-01-0198	DVSEQ	1	DVREAS	Reason for Deviation	done by mistake	CRF	""
BNT162-01	DV	BNT162-01-276-01-0198	DVSEQ	2	DVREAS	Reason for Deviation	not performed by mistake	CRF	""
BNT162-01	DV	BNT162-01-276-01-0200	DVSEQ	1	DVREAS	Reason for Deviation	not performed by mistake	CRF	""
BNT162-01	DV	BNT162-01-276-01-0200	DVSEQ	2	DVREAS	Reason for Deviation	done by mistake, cause Visit 5 was scheduled and performed for day 28, so no entries were at site by subject itself	CRF	""
BNT162-01	DV	BNT162-01-276-01-0200	DVSEQ	3	DVREAS	Reason for Deviation	done by mistake, cause Visit 5 was scheduled and performed for day 28, so no entries were at site by subject itself	CRF	""
BNT162-01	DV	BNT162-01-276-01-0204	DVSEQ	1	DVREAS	Reason for Deviation	not performed by mistake	CRF	""
BNT162-01	DV	BNT162-01-276-01-0204	DVSEQ	2	DVREAS	Reason for Deviation	done by mistake, cause Visit 5 was scheduled and performed for day 28, so no entries were at site by subject itself	CRF	""
BNT162-01	DV	BNT162-01-276-01-0204	DVSEQ	3	DVREAS	Reason for Deviation	done by mistake, cause Visit 5 was scheduled and performed for day 28, so no entries were at site by subject itself	CRF	""
BNT162-01	DV	BNT162-01-276-01-0209	DVSEQ	1	DVREAS	Reason for Deviation	not performed by mistake	CRF	""
BNT162-01	DV	BNT162-01-276-01-0209	DVSEQ	2	DVREAS	Reason for Deviation	done by mistake, cause Visit 5 was scheduled and performed for day 28, so no entries were at site by subject itself	CRF	""
BNT162-01	DV	BNT162-01-276-01-0209	DVSEQ	3	DVREAS	Reason for Deviation	done by mistake, cause Visit 5 was scheduled and performed for day 28, so no entries were at site by subject itself	CRF	""
BNT162-01	DV	BNT162-01-276-01-0209	DVSEQ	4	DVREAS	Reason for Deviation	done by mistake	CRF	""
BNT162-01	DV	BNT162-01-276-01-0212	DVSEQ	1	DVREAS	Reason for Deviation	not performed by mistake	CRF	""
BNT162-01	DV	BNT162-01-276-01-0212	DVSEQ	2	DVREAS	Reason for Deviation	done by mistake, cause Visit 5 was scheduled and performed for day 28, so no entries were at site by subject itself	CRF	""
BNT162-01	DV	BNT162-01-276-01-0212	DVSEQ	3	DVREAS	Reason for Deviation	done by mistake, cause Visit 5 was scheduled and performed for day 28, so no entries were at site by subject itself	CRF	""
BNT162-01	DV	BNT162-01-276-01-0221	DVSEQ	1	DVREAS	Reason for Deviation	Body temperature measured right after vitals signs, time entered (12:30 h) by mistake. Correct time is unknown	CRF	""
BNT162-01	DV	BNT162-01-276-01-0261	DVSEQ	1	DVREAS	Reason for Deviation	Due to mix-up with previous CTP the wrong dose was prepared (3�g). Shortly after administration the mistake was recogniced and the remaining 7 �g have been administered after clarification with the sp	CRF	""
BNT162-01	DV	BNT162-01-276-01-0261	DVSEQ	2	DVREAS	Reason for Deviation	call was too late due to volunteers problems with its mobile phone	CRF	""
BNT162-01	DV	BNT162-01-276-01-0263	DVSEQ	1	DVREAS	Reason for Deviation	Previous subject (0261) was dosed in two parts, only 1st vaccination time of this subject was regarded.	CRF	""
BNT162-01	DV	BNT162-01-276-01-0263	DVSEQ	2	DVREAS	Reason for Deviation	subject couldn't wait any longer to give urine.	CRF	""
BNT162-01	DV	BNT162-01-276-01-0265	DVSEQ	1	DVREAS	Reason for Deviation	due to emergency call of the checking physician	CRF	""
BNT162-01	DV	BNT162-01-276-01-0265	DVSEQ	2	DVREAS	Reason for Deviation	due to emergency call of the checking physician	CRF	""
BNT162-01	DV	BNT162-01-276-01-0265	DVSEQ	3	DVREAS	Reason for Deviation	done by mistake	CRF	""
BNT162-01	DV	BNT162-01-276-01-0267	DVSEQ	1	DVREAS	Reason for Deviation	done by mistake	CRF	""
BNT162-01	DV	BNT162-01-276-01-0267	DVSEQ	2	DVREAS	Reason for Deviation	done by mistake	CRF	""
BNT162-01	DV	BNT162-01-276-01-0268	DVSEQ	1	DVREAS	Reason for Deviation	done by mistake	CRF	""
BNT162-01	DV	BNT162-01-276-01-0268	DVSEQ	2	DVREAS	Reason for Deviation	done by mistake	CRF	""
BNT162-01	DV	BNT162-01-276-01-0272	DVSEQ	1	DVREAS	Reason for Deviation	done by mistake	CRF	""
BNT162-01	DV	BNT162-01-276-01-0272	DVSEQ	2	DVREAS	Reason for Deviation	done by mistake	CRF	""
BNT162-01	DV	BNT162-01-276-01-0274	DVSEQ	1	DVREAS	Reason for Deviation	done by mistake	CRF	""
BNT162-01	DV	BNT162-01-276-01-0274	DVSEQ	2	DVREAS	Reason for Deviation	done by mistake	CRF	""
BNT162-01	DV	BNT162-01-276-01-0274	DVSEQ	3	DVREAS	Reason for Deviation	wrong entry by mistake	CRF	""
BNT162-01	DV	BNT162-01-276-01-0276	DVSEQ	1	DVREAS	Reason for Deviation	values not entered by mistake	CRF	""
BNT162-01	DV	BNT162-01-276-01-0282	DVSEQ	1	DVREAS	Reason for Deviation	subject forgot to enter data	CRF	""
BNT162-01	DV	BNT162-01-276-01-0282	DVSEQ	2	DVREAS	Reason for Deviation	subject couldn't wait any longer to give urine.	CRF	""
BNT162-01	DV	BNT162-01-276-01-0292	DVSEQ	1	DVREAS	Reason for Deviation	done by mistake	CRF	""
BNT162-01	DV	BNT162-01-276-01-0292	DVSEQ	2	DVREAS	Reason for Deviation	wrong entry by mistake	CRF	""
BNT162-01	DV	BNT162-01-276-01-0298	DVSEQ	1	DVREAS	Reason for Deviation	values not entered by mistake	CRF	""
BNT162-01	DV	BNT162-01-276-01-0299	DVSEQ	1	DVREAS	Reason for Deviation	values not entered by mistake	CRF	""
BNT162-01	DV	BNT162-01-276-01-0303	DVSEQ	1	DVREAS	Reason for Deviation	done by mistake	CRF	""
BNT162-01	DV	BNT162-01-276-01-0303	DVSEQ	2	DVREAS	Reason for Deviation	done by mistake, cause Visit 5 was scheduled and performed for day 27, so no entries were at site by subject itself	CRF	""
BNT162-01	DV	BNT162-01-276-01-0303	DVSEQ	3	DVREAS	Reason for Deviation	done by mistake, cause Visit 5 was scheduled and performed for day 27, so no entries were at site by subject itself	CRF	""
BNT162-01	DV	BNT162-01-276-01-0305	DVSEQ	1	DVREAS	Reason for Deviation	logistic reasons	CRF	""
BNT162-01	DV	BNT162-01-276-01-0306	DVSEQ	1	DVREAS	Reason for Deviation	done by mistake	CRF	""
BNT162-01	DV	BNT162-01-276-01-0308	DVSEQ	1	DVREAS	Reason for Deviation	Value not entered by mistake	CRF	""
BNT162-01	DV	BNT162-01-276-01-0308	DVSEQ	2	DVREAS	Reason for Deviation	done by mistake, cause Visit 5 was scheduled and performed for day 27, so no entries were at site by subject itself	CRF	""
BNT162-01	DV	BNT162-01-276-01-0308	DVSEQ	3	DVREAS	Reason for Deviation	done by mistake, cause Visit 5 was scheduled and performed for day 27, so no entries were at site by subject itself	CRF	""
BNT162-01	DV	BNT162-01-276-01-0310	DVSEQ	1	DVREAS	Reason for Deviation	done by mistake	CRF	""
BNT162-01	DV	BNT162-01-276-01-0319	DVSEQ	1	DVREAS	Reason for Deviation	done by mistake	CRF	""
BNT162-01	DV	BNT162-01-276-01-0319	DVSEQ	2	DVREAS	Reason for Deviation	done by mistake	CRF	""
BNT162-01	DV	BNT162-01-276-01-0319	DVSEQ	3	DVREAS	Reason for Deviation	done by mistake	CRF	""
BNT162-01	DV	BNT162-01-276-01-0323	DVSEQ	1	DVREAS	Reason for Deviation	done by mistake	CRF	""
BNT162-01	DV	BNT162-01-276-01-0323	DVSEQ	2	DVREAS	Reason for Deviation	done by mistake, cause Visit 5 was scheduled and performed for day 27, so no entries were at site by subject itself	CRF	""
BNT162-01	DV	BNT162-01-276-01-0323	DVSEQ	3	DVREAS	Reason for Deviation	done by mistake, cause Visit 5 was scheduled and performed for day 27, so no entries were at site by subject itself	CRF	""
BNT162-01	DV	BNT162-01-276-01-0351	DVSEQ	1	DVREAS	Reason for Deviation	done by mistake	CRF	""
BNT162-01	DV	BNT162-01-276-01-0351	DVSEQ	2	DVREAS	Reason for Deviation	done by mistake	CRF	""
BNT162-01	DV	BNT162-01-276-01-0351	DVSEQ	3	DVREAS	Reason for Deviation	done by mistake	CRF	""
BNT162-01	DV	BNT162-01-276-01-0358	DVSEQ	1	DVREAS	Reason for Deviation	done by mistake	CRF	""
BNT162-01	DV	BNT162-01-276-01-0358	DVSEQ	2	DVREAS	Reason for Deviation	done by mistake	CRF	""
BNT162-01	DV	BNT162-01-276-01-0360	DVSEQ	1	DVREAS	Reason for Deviation	done by mistake 1 min. too early	CRF	""
BNT162-01	DV	BNT162-01-276-01-0362	DVSEQ	1	DVREAS	Reason for Deviation	done by mistakte	CRF	""
BNT162-01	DV	BNT162-01-276-01-0364	DVSEQ	1	DVREAS	Reason for Deviation	done by mistake	CRF	""
BNT162-01	DV	BNT162-01-276-01-0364	DVSEQ	2	DVREAS	Reason for Deviation	subject couldn't wait any longer to give urine.	CRF	""
BNT162-01	DV	BNT162-01-276-01-0366	DVSEQ	1	DVREAS	Reason for Deviation	subject couldn't wait any longer to give urine.	CRF	""
BNT162-01	DV	BNT162-01-276-02-0105	DVSEQ	1	DVREAS	Reason for Deviation	no actual CRF file available	CRF	""
BNT162-01	DV	BNT162-01-276-02-0110	DVSEQ	1	DVREAS	Reason for Deviation	not specified	CRF	""
BNT162-01	DV	BNT162-01-276-02-0110	DVSEQ	2	DVREAS	Reason for Deviation	staff error	CRF	""
BNT162-01	DV	BNT162-01-276-02-0111	DVSEQ	1	DVREAS	Reason for Deviation	rhinititis	CRF	""
BNT162-01	DV	BNT162-01-276-02-0111	DVSEQ	2	DVREAS	Reason for Deviation	displaced booster	CRF	""
BNT162-01	DV	BNT162-01-276-02-0116	DVSEQ	1	DVREAS	Reason for Deviation	due to feeling cold	CRF	""
BNT162-01	DV	BNT162-01-276-02-0116	DVSEQ	2	DVREAS	Reason for Deviation	the subject ends the study by this day	CRF	""
BNT162-01	DV	BNT162-01-276-02-0149	DVSEQ	1	DVREAS	Reason for Deviation	Staff error	CRF	""
BNT162-01	DV	BNT162-01-276-02-0150	DVSEQ	1	DVREAS	Reason for Deviation	time problem by volunteer	CRF	""
BNT162-01	DV	BNT162-01-276-02-0155	DVSEQ	1	DVREAS	Reason for Deviation	mistake by subject	CRF	""
BNT162-01	DV	BNT162-01-276-02-0158	DVSEQ	1	DVREAS	Reason for Deviation	logistic reason	CRF	""
BNT162-01	DV	BNT162-01-276-02-0158	DVSEQ	2	DVREAS	Reason for Deviation	logistic reason	CRF	""
BNT162-01	DV	BNT162-01-276-02-0158	DVSEQ	3	DVREAS	Reason for Deviation	logistic reason	CRF	""
BNT162-01	DV	BNT162-01-276-02-0158	DVSEQ	4	DVREAS	Reason for Deviation	logistic reason	CRF	""
BNT162-01	DV	BNT162-01-276-02-0159	DVSEQ	1	DVREAS	Reason for Deviation	time problem by volunteer	CRF	""
BNT162-01	DV	BNT162-01-276-02-0164	DVSEQ	1	DVREAS	Reason for Deviation	The test person returned from a corona endangered area 4 days ago	CRF	""
BNT162-01	DV	BNT162-01-276-02-0175	DVSEQ	1	DVREAS	Reason for Deviation	staff error	CRF	""
BNT162-01	DV	BNT162-01-276-02-0180	DVSEQ	1	DVREAS	Reason for Deviation	staff error	CRF	""
BNT162-01	DV	BNT162-01-276-02-0183	DVSEQ	1	DVREAS	Reason for Deviation	staff error	CRF	""
BNT162-01	DV	BNT162-01-276-02-0183	DVSEQ	2	DVREAS	Reason for Deviation	staff error	CRF	""
BNT162-01	DV	BNT162-01-276-02-0197	DVSEQ	1	DVREAS	Reason for Deviation	staff error	CRF	""
BNT162-01	DV	BNT162-01-276-02-0204	DVSEQ	1	DVREAS	Reason for Deviation	The subject had time problems	CRF	""
BNT162-01	DV	BNT162-01-276-02-0225	DVSEQ	1	DVREAS	Reason for Deviation	Not enough material	CRF	""
BNT162-01	DV	BNT162-01-276-02-0234	DVSEQ	1	DVREAS	Reason for Deviation	the first test was failed	CRF	""
BNT162-01	DV	BNT162-01-276-02-0239	DVSEQ	1	DVREAS	Reason for Deviation	has not been filled in by subject	CRF	""
