STUDYID	DOMAIN	USUBJID	XBSEQ	XBTESTCD	XBTEST	XBCAT	XBORRES	XBSTRESC	XBBLFL	EPOCH	XBDTC	XBDY
BNT162-01	XB	BNT162-01-276-01-0001	1	HLAA	HLA Class IA Antigen	HLA-TYPING	A*02:01:01G, A*24:02:01G	A*02:01:01G, A*24:02:01G	""	BASELINE	2020-04-24T10:00	1
BNT162-01	XB	BNT162-01-276-01-0001	2	HLAB	HLA Class IB Antigen	HLA-TYPING	B*40:01:01G, B*57:01:01G	B*40:01:01G, B*57:01:01G	""	BASELINE	2020-04-24T10:00	1
BNT162-01	XB	BNT162-01-276-01-0001	3	HLAC	HLA Class IC Antigen	HLA-TYPING	C*03:04:01G, C*06:02:01G	C*03:04:01G, C*06:02:01G	""	BASELINE	2020-04-24T10:00	1
BNT162-01	XB	BNT162-01-276-01-0001	4	HLADQB1	HLA DQ Beta1 Antigen	HLA-TYPING	DQB1*03:01:01G, DQB1*03:03:02G	DQB1*03:01:01G, DQB1*03:03:02G	""	BASELINE	2020-04-24T10:00	1
BNT162-01	XB	BNT162-01-276-01-0001	5	HLADRB1	HLA DR Beta1 Antigen	HLA-TYPING	DRB1*07:01:01G, DRB1*12:01:01G	DRB1*07:01:01G, DRB1*12:01:01G	""	BASELINE	2020-04-24T10:00	1
BNT162-01	XB	BNT162-01-276-01-0003	1	HLAA	HLA Class IA Antigen	HLA-TYPING	A*26:01:01G, A*31:01:02G	A*26:01:01G, A*31:01:02G	""	TREATMENT	2020-05-27T07:56	30
BNT162-01	XB	BNT162-01-276-01-0003	2	HLAB	HLA Class IB Antigen	HLA-TYPING	B*15:01:01G, B*51:01:01G	B*15:01:01G, B*51:01:01G	""	TREATMENT	2020-05-27T07:56	30
BNT162-01	XB	BNT162-01-276-01-0003	3	HLAC	HLA Class IC Antigen	HLA-TYPING	C*03:04:01G, C*15:02:01G	C*03:04:01G, C*15:02:01G	""	TREATMENT	2020-05-27T07:56	30
BNT162-01	XB	BNT162-01-276-01-0003	4	HLADQB1	HLA DQ Beta1 Antigen	HLA-TYPING	DQB1*03:01:01G, DQB1*06:04:01G	DQB1*03:01:01G, DQB1*06:04:01G	""	TREATMENT	2020-05-27T07:56	30
BNT162-01	XB	BNT162-01-276-01-0003	5	HLADRB1	HLA DR Beta1 Antigen	HLA-TYPING	DRB1*04:07:01G, DRB1*13:02:01G	DRB1*04:07:01G, DRB1*13:02:01G	""	TREATMENT	2020-05-27T07:56	30
BNT162-01	XB	BNT162-01-276-01-0006	1	HLAA	HLA Class IA Antigen	HLA-TYPING	A*03:01:01G, A*26:01:01G	A*03:01:01G, A*26:01:01G	""	TREATMENT	2020-05-27T08:11	30
BNT162-01	XB	BNT162-01-276-01-0006	2	HLAB	HLA Class IB Antigen	HLA-TYPING	B*07:02:01G, B*18:05:01G	B*07:02:01G, B*18:05:01G	""	TREATMENT	2020-05-27T08:11	30
BNT162-01	XB	BNT162-01-276-01-0006	3	HLAC	HLA Class IC Antigen	HLA-TYPING	C*12:03:01G	C*12:03:01G	""	TREATMENT	2020-05-27T08:11	30
BNT162-01	XB	BNT162-01-276-01-0006	4	HLADQB1	HLA DQ Beta1 Antigen	HLA-TYPING	DQB1*05:02:01G	DQB1*05:02:01G	""	TREATMENT	2020-05-27T08:11	30
BNT162-01	XB	BNT162-01-276-01-0006	5	HLADRB1	HLA DR Beta1 Antigen	HLA-TYPING	DRB1*15:01:01G, DRB1*16:01:01	DRB1*15:01:01G, DRB1*16:01:01	""	TREATMENT	2020-05-27T08:11	30
BNT162-01	XB	BNT162-01-276-01-0007	1	HLAA	HLA Class IA Antigen	HLA-TYPING	A*01:01:01G, A*23:01:01G	A*01:01:01G, A*23:01:01G	""	TREATMENT	2020-05-25T07:53	33
BNT162-01	XB	BNT162-01-276-01-0007	2	HLAB	HLA Class IB Antigen	HLA-TYPING	B*45:01:01G, B*57:01:01G	B*45:01:01G, B*57:01:01G	""	TREATMENT	2020-05-25T07:53	33
BNT162-01	XB	BNT162-01-276-01-0007	3	HLAC	HLA Class IC Antigen	HLA-TYPING	C*06:02:01G, C*16:01:01G	C*06:02:01G, C*16:01:01G	""	TREATMENT	2020-05-25T07:53	33
BNT162-01	XB	BNT162-01-276-01-0007	4	HLADQB1	HLA DQ Beta1 Antigen	HLA-TYPING	DQB1*03:01:04, DQB1*03:03:02G	DQB1*03:01:04, DQB1*03:03:02G	""	TREATMENT	2020-05-25T07:53	33
BNT162-01	XB	BNT162-01-276-01-0007	5	HLADRB1	HLA DR Beta1 Antigen	HLA-TYPING	DRB1*07:01:01G, DRB1*08:04:01	DRB1*07:01:01G, DRB1*08:04:01	""	TREATMENT	2020-05-25T07:53	33
BNT162-01	XB	BNT162-01-276-01-0008	1	HLAA	HLA Class IA Antigen	HLA-TYPING	A*02:01:01G, A*03:01:01G	A*02:01:01G, A*03:01:01G	""	BASELINE	2020-04-28T09:15	1
BNT162-01	XB	BNT162-01-276-01-0008	2	HLAB	HLA Class IB Antigen	HLA-TYPING	B*07:02:01G	B*07:02:01G	""	BASELINE	2020-04-28T09:15	1
BNT162-01	XB	BNT162-01-276-01-0008	3	HLAC	HLA Class IC Antigen	HLA-TYPING	C*07:02:01G	C*07:02:01G	""	BASELINE	2020-04-28T09:15	1
BNT162-01	XB	BNT162-01-276-01-0008	4	HLADQB1	HLA DQ Beta1 Antigen	HLA-TYPING	DQB1*06:02:01G	DQB1*06:02:01G	""	BASELINE	2020-04-28T09:15	1
BNT162-01	XB	BNT162-01-276-01-0008	5	HLADRB1	HLA DR Beta1 Antigen	HLA-TYPING	DRB1*15:01:01G	DRB1*15:01:01G	""	BASELINE	2020-04-28T09:15	1
BNT162-01	XB	BNT162-01-276-01-0009	1	HLAA	HLA Class IA Antigen	HLA-TYPING	A*02:01:01G, A*32:01:01G	A*02:01:01G, A*32:01:01G	""	BASELINE	2020-04-28T09:46	1
BNT162-01	XB	BNT162-01-276-01-0009	2	HLAB	HLA Class IB Antigen	HLA-TYPING	B*18:01:01G, B*40:02:01G	B*18:01:01G, B*40:02:01G	""	BASELINE	2020-04-28T09:46	1
BNT162-01	XB	BNT162-01-276-01-0009	3	HLAC	HLA Class IC Antigen	HLA-TYPING	C*02:02:02G, C*07:01:01G	C*02:02:02G, C*07:01:01G	""	BASELINE	2020-04-28T09:46	1
BNT162-01	XB	BNT162-01-276-01-0009	4	HLADQB1	HLA DQ Beta1 Antigen	HLA-TYPING	DQB1*05:01:01G, DQB1*05:02:01G	DQB1*05:01:01G, DQB1*05:02:01G	""	BASELINE	2020-04-28T09:46	1
BNT162-01	XB	BNT162-01-276-01-0009	5	HLADRB1	HLA DR Beta1 Antigen	HLA-TYPING	DRB1*01:01:01G, DRB1*16:01:01	DRB1*01:01:01G, DRB1*16:01:01	""	BASELINE	2020-04-28T09:46	1
BNT162-01	XB	BNT162-01-276-01-0011	1	HLAA	HLA Class IA Antigen	HLA-TYPING	A*02:01:01G	A*02:01:01G	""	BASELINE	2020-04-24T13:00	1
BNT162-01	XB	BNT162-01-276-01-0011	2	HLAB	HLA Class IB Antigen	HLA-TYPING	B*07:02:01G, B*38:01:01G	B*07:02:01G, B*38:01:01G	""	BASELINE	2020-04-24T13:00	1
BNT162-01	XB	BNT162-01-276-01-0011	3	HLAC	HLA Class IC Antigen	HLA-TYPING	C*07:02:01G, C*12:03:01G	C*07:02:01G, C*12:03:01G	""	BASELINE	2020-04-24T13:00	1
BNT162-01	XB	BNT162-01-276-01-0011	4	HLADQB1	HLA DQ Beta1 Antigen	HLA-TYPING	DQB1*03:01:01G, DQB1*03:02:01G	DQB1*03:01:01G, DQB1*03:02:01G	""	BASELINE	2020-04-24T13:00	1
BNT162-01	XB	BNT162-01-276-01-0011	5	HLADRB1	HLA DR Beta1 Antigen	HLA-TYPING	DRB1*04:01:01G, DRB1*13:03:01	DRB1*04:01:01G, DRB1*13:03:01	""	BASELINE	2020-04-24T13:00	1
BNT162-01	XB	BNT162-01-276-01-0015	1	HLAA	HLA Class IA Antigen	HLA-TYPING	A*02:01:01G, A*32:01:01G	A*02:01:01G, A*32:01:01G	""	TREATMENT	2020-05-27T08:32	29
BNT162-01	XB	BNT162-01-276-01-0015	2	HLAB	HLA Class IB Antigen	HLA-TYPING	B*35:01:01G, B*44:02:01G	B*35:01:01G, B*44:02:01G	""	TREATMENT	2020-05-27T08:32	29
BNT162-01	XB	BNT162-01-276-01-0015	3	HLAC	HLA Class IC Antigen	HLA-TYPING	C*04:01:01G, C*05:01:01G	C*04:01:01G, C*05:01:01G	""	TREATMENT	2020-05-27T08:32	29
BNT162-01	XB	BNT162-01-276-01-0015	4	HLADQB1	HLA DQ Beta1 Antigen	HLA-TYPING	DQB1*03:02:01G, DQB1*05:01:01G	DQB1*03:02:01G, DQB1*05:01:01G	""	TREATMENT	2020-05-27T08:32	29
BNT162-01	XB	BNT162-01-276-01-0015	5	HLADRB1	HLA DR Beta1 Antigen	HLA-TYPING	DRB1*01:01:01G, DRB1*04:01:01G	DRB1*01:01:01G, DRB1*04:01:01G	""	TREATMENT	2020-05-27T08:32	29
BNT162-01	XB	BNT162-01-276-01-0016	1	HLAA	HLA Class IA Antigen	HLA-TYPING	A*02:01:01G, A*03:01:01G	A*02:01:01G, A*03:01:01G	""	BASELINE	2020-04-29T08:55	1
BNT162-01	XB	BNT162-01-276-01-0016	2	HLAB	HLA Class IB Antigen	HLA-TYPING	B*07:02:01G, B*51:01:01G	B*07:02:01G, B*51:01:01G	""	BASELINE	2020-04-29T08:55	1
BNT162-01	XB	BNT162-01-276-01-0016	3	HLAC	HLA Class IC Antigen	HLA-TYPING	C*03:03:01G, C*07:02:01G	C*03:03:01G, C*07:02:01G	""	BASELINE	2020-04-29T08:55	1
BNT162-01	XB	BNT162-01-276-01-0016	4	HLADQB1	HLA DQ Beta1 Antigen	HLA-TYPING	DQB1*03:03:02G, DQB1*06:02:01G	DQB1*03:03:02G, DQB1*06:02:01G	""	BASELINE	2020-04-29T08:55	1
BNT162-01	XB	BNT162-01-276-01-0016	5	HLADRB1	HLA DR Beta1 Antigen	HLA-TYPING	DRB1*09:01:02G, DRB1*15:01:01G	DRB1*09:01:02G, DRB1*15:01:01G	""	BASELINE	2020-04-29T08:55	1
BNT162-01	XB	BNT162-01-276-01-0017	1	HLAA	HLA Class IA Antigen	HLA-TYPING	A*03:01:01G, A*68:01:02G	A*03:01:01G, A*68:01:02G	""	TREATMENT	2020-05-27T08:56	30
BNT162-01	XB	BNT162-01-276-01-0017	2	HLAB	HLA Class IB Antigen	HLA-TYPING	B*44:02:01G, B*55:01:01G	B*44:02:01G, B*55:01:01G	""	TREATMENT	2020-05-27T08:56	30
BNT162-01	XB	BNT162-01-276-01-0017	3	HLAC	HLA Class IC Antigen	HLA-TYPING	C*03:03:01G, C*07:04:01G	C*03:03:01G, C*07:04:01G	""	TREATMENT	2020-05-27T08:56	30
BNT162-01	XB	BNT162-01-276-01-0017	4	HLADQB1	HLA DQ Beta1 Antigen	HLA-TYPING	DQB1*03:01:01G, DQB1*06:04:01G	DQB1*03:01:01G, DQB1*06:04:01G	""	TREATMENT	2020-05-27T08:56	30
BNT162-01	XB	BNT162-01-276-01-0017	5	HLADRB1	HLA DR Beta1 Antigen	HLA-TYPING	DRB1*11:01:01G, DRB1*13:02:01G	DRB1*11:01:01G, DRB1*13:02:01G	""	TREATMENT	2020-05-27T08:56	30
BNT162-01	XB	BNT162-01-276-01-0018	1	HLAA	HLA Class IA Antigen	HLA-TYPING	A*02:01:01G	A*02:01:01G	""	TREATMENT	2020-05-27T08:58	29
BNT162-01	XB	BNT162-01-276-01-0018	2	HLAB	HLA Class IB Antigen	HLA-TYPING	B*27:05:02G, B*44:02:01G	B*27:05:02G, B*44:02:01G	""	TREATMENT	2020-05-27T08:58	29
BNT162-01	XB	BNT162-01-276-01-0018	3	HLAC	HLA Class IC Antigen	HLA-TYPING	C*02:02:02G, C*05:01:01G	C*02:02:02G, C*05:01:01G	""	TREATMENT	2020-05-27T08:58	29
BNT162-01	XB	BNT162-01-276-01-0018	4	HLADQB1	HLA DQ Beta1 Antigen	HLA-TYPING	DQB1*03:02:01G	DQB1*03:02:01G	""	TREATMENT	2020-05-27T08:58	29
BNT162-01	XB	BNT162-01-276-01-0018	5	HLADRB1	HLA DR Beta1 Antigen	HLA-TYPING	DRB1*04:01:01G	DRB1*04:01:01G	""	TREATMENT	2020-05-27T08:58	29
BNT162-01	XB	BNT162-01-276-01-0019	1	HLAA	HLA Class IA Antigen	HLA-TYPING	A*02:01:01G	A*02:01:01G	""	BASELINE	2020-04-28T10:45	1
BNT162-01	XB	BNT162-01-276-01-0019	2	HLAB	HLA Class IB Antigen	HLA-TYPING	B*08:01:01G, B*15:01:01G	B*08:01:01G, B*15:01:01G	""	BASELINE	2020-04-28T10:45	1
BNT162-01	XB	BNT162-01-276-01-0019	3	HLAC	HLA Class IC Antigen	HLA-TYPING	C*03:03:01G, C*07:01:01G	C*03:03:01G, C*07:01:01G	""	BASELINE	2020-04-28T10:45	1
BNT162-01	XB	BNT162-01-276-01-0019	4	HLADQB1	HLA DQ Beta1 Antigen	HLA-TYPING	DQB1*03:02:01G, DQB1*06:03:01G	DQB1*03:02:01G, DQB1*06:03:01G	""	BASELINE	2020-04-28T10:45	1
BNT162-01	XB	BNT162-01-276-01-0019	5	HLADRB1	HLA DR Beta1 Antigen	HLA-TYPING	DRB1*04:01:01G, DRB1*13:01:01G	DRB1*04:01:01G, DRB1*13:01:01G	""	BASELINE	2020-04-28T10:45	1
BNT162-01	XB	BNT162-01-276-01-0021	1	HLAA	HLA Class IA Antigen	HLA-TYPING	A*02:01:01G, A*11:01:01G	A*02:01:01G, A*11:01:01G	""	BASELINE	2020-05-05T08:15	1
BNT162-01	XB	BNT162-01-276-01-0021	2	HLAB	HLA Class IB Antigen	HLA-TYPING	B*15:01:01G, B*55:01:01G	B*15:01:01G, B*55:01:01G	""	BASELINE	2020-05-05T08:15	1
BNT162-01	XB	BNT162-01-276-01-0021	3	HLAC	HLA Class IC Antigen	HLA-TYPING	C*03:03:01G	C*03:03:01G	""	BASELINE	2020-05-05T08:15	1
BNT162-01	XB	BNT162-01-276-01-0021	4	HLADQB1	HLA DQ Beta1 Antigen	HLA-TYPING	DQB1*03:02:01G, DQB1*05:03:01G	DQB1*03:02:01G, DQB1*05:03:01G	""	BASELINE	2020-05-05T08:15	1
BNT162-01	XB	BNT162-01-276-01-0021	5	HLADRB1	HLA DR Beta1 Antigen	HLA-TYPING	DRB1*04:01:01G, DRB1*14:54:01	DRB1*04:01:01G, DRB1*14:54:01	""	BASELINE	2020-05-05T08:15	1
BNT162-01	XB	BNT162-01-276-01-0023	1	HLAA	HLA Class IA Antigen	HLA-TYPING	A*24:02:01G, A*29:01:01G	A*24:02:01G, A*29:01:01G	""	BASELINE	2020-05-05T09:18	1
BNT162-01	XB	BNT162-01-276-01-0023	2	HLAB	HLA Class IB Antigen	HLA-TYPING	B*07:05:01G, B*51:05	B*07:05:01G, B*51:05	""	BASELINE	2020-05-05T09:18	1
BNT162-01	XB	BNT162-01-276-01-0023	3	HLAC	HLA Class IC Antigen	HLA-TYPING	C*04:01:01G, C*15:05:01G	C*04:01:01G, C*15:05:01G	""	BASELINE	2020-05-05T09:18	1
BNT162-01	XB	BNT162-01-276-01-0023	4	HLADQB1	HLA DQ Beta1 Antigen	HLA-TYPING	DQB1*05:01:01G, DQB1*06:03:01G	DQB1*05:01:01G, DQB1*06:03:01G	""	BASELINE	2020-05-05T09:18	1
BNT162-01	XB	BNT162-01-276-01-0023	5	HLADRB1	HLA DR Beta1 Antigen	HLA-TYPING	DRB1*10:01:01G, DRB1*13:01:01G	DRB1*10:01:01G, DRB1*13:01:01G	""	BASELINE	2020-05-05T09:18	1
BNT162-01	XB	BNT162-01-276-01-0025	1	HLAA	HLA Class IA Antigen	HLA-TYPING	A*01:01:01G, A*02:01:01G	A*01:01:01G, A*02:01:01G	""	BASELINE	2020-05-05T08:56	1
BNT162-01	XB	BNT162-01-276-01-0025	2	HLAB	HLA Class IB Antigen	HLA-TYPING	B*08:01:01G, B*35:08:01G	B*08:01:01G, B*35:08:01G	""	BASELINE	2020-05-05T08:56	1
BNT162-01	XB	BNT162-01-276-01-0025	3	HLAC	HLA Class IC Antigen	HLA-TYPING	C*04:01:01G, C*07:01:01G	C*04:01:01G, C*07:01:01G	""	BASELINE	2020-05-05T08:56	1
BNT162-01	XB	BNT162-01-276-01-0025	4	HLADQB1	HLA DQ Beta1 Antigen	HLA-TYPING	DQB1*02:01:01G	DQB1*02:01:01G	""	BASELINE	2020-05-05T08:56	1
BNT162-01	XB	BNT162-01-276-01-0025	5	HLADRB1	HLA DR Beta1 Antigen	HLA-TYPING	DRB1*03:01:01G	DRB1*03:01:01G	""	BASELINE	2020-05-05T08:56	1
BNT162-01	XB	BNT162-01-276-01-0028	1	HLAA	HLA Class IA Antigen	HLA-TYPING	A*02:05:01G, A*11:01:01G	A*02:05:01G, A*11:01:01G	""	BASELINE	2020-05-07T08:16	1
BNT162-01	XB	BNT162-01-276-01-0028	2	HLAB	HLA Class IB Antigen	HLA-TYPING	B*35:08:01G, B*38:01:01G	B*35:08:01G, B*38:01:01G	""	BASELINE	2020-05-07T08:16	1
BNT162-01	XB	BNT162-01-276-01-0028	3	HLAC	HLA Class IC Antigen	HLA-TYPING	C*04:01:01G, C*12:03:01G	C*04:01:01G, C*12:03:01G	""	BASELINE	2020-05-07T08:16	1
BNT162-01	XB	BNT162-01-276-01-0028	4	HLADQB1	HLA DQ Beta1 Antigen	HLA-TYPING	DQB1*03:01:01G, DQB1*03:02:01G	DQB1*03:01:01G, DQB1*03:02:01G	""	BASELINE	2020-05-07T08:16	1
BNT162-01	XB	BNT162-01-276-01-0028	5	HLADRB1	HLA DR Beta1 Antigen	HLA-TYPING	DRB1*04:02:01, DRB1*11:04:01	DRB1*04:02:01, DRB1*11:04:01	""	BASELINE	2020-05-07T08:16	1
BNT162-01	XB	BNT162-01-276-01-0032	1	HLAA	HLA Class IA Antigen	HLA-TYPING	A*03:01:01G, A*24:02:01G	A*03:01:01G, A*24:02:01G	""	TREATMENT	2020-06-02T08:10	29
BNT162-01	XB	BNT162-01-276-01-0032	2	HLAB	HLA Class IB Antigen	HLA-TYPING	B*18:01:01G, B*51:01:01G	B*18:01:01G, B*51:01:01G	""	TREATMENT	2020-06-02T08:10	29
BNT162-01	XB	BNT162-01-276-01-0032	3	HLAC	HLA Class IC Antigen	HLA-TYPING	C*07:01:01G, C*14:02:01G	C*07:01:01G, C*14:02:01G	""	TREATMENT	2020-06-02T08:10	29
BNT162-01	XB	BNT162-01-276-01-0032	4	HLADQB1	HLA DQ Beta1 Antigen	HLA-TYPING	DQB1*03:01:01G, DQB1*06:02:01G	DQB1*03:01:01G, DQB1*06:02:01G	""	TREATMENT	2020-06-02T08:10	29
BNT162-01	XB	BNT162-01-276-01-0032	5	HLADRB1	HLA DR Beta1 Antigen	HLA-TYPING	DRB1*11:01:01G, DRB1*15:01:01G	DRB1*11:01:01G, DRB1*15:01:01G	""	TREATMENT	2020-06-02T08:10	29
BNT162-01	XB	BNT162-01-276-01-0033	1	HLAA	HLA Class IA Antigen	HLA-TYPING	A*03:01:01G, A*26:01:01G	A*03:01:01G, A*26:01:01G	""	BASELINE	2020-05-05T09:48	1
BNT162-01	XB	BNT162-01-276-01-0033	2	HLAB	HLA Class IB Antigen	HLA-TYPING	B*35:03:01G, B*44:03:01G	B*35:03:01G, B*44:03:01G	""	BASELINE	2020-05-05T09:48	1
BNT162-01	XB	BNT162-01-276-01-0033	3	HLAC	HLA Class IC Antigen	HLA-TYPING	C*04:01:01G	C*04:01:01G	""	BASELINE	2020-05-05T09:48	1
BNT162-01	XB	BNT162-01-276-01-0033	4	HLADQB1	HLA DQ Beta1 Antigen	HLA-TYPING	DQB1*02:02:01, DQB1*03:01:01G	DQB1*02:02:01, DQB1*03:01:01G	""	BASELINE	2020-05-05T09:48	1
BNT162-01	XB	BNT162-01-276-01-0033	5	HLADRB1	HLA DR Beta1 Antigen	HLA-TYPING	DRB1*07:01:01G, DRB1*11:04:01	DRB1*07:01:01G, DRB1*11:04:01	""	BASELINE	2020-05-05T09:48	1
BNT162-01	XB	BNT162-01-276-01-0034	1	HLAA	HLA Class IA Antigen	HLA-TYPING	A*01:01:01G, A*23:01:01G	A*01:01:01G, A*23:01:01G	""	BASELINE	2020-05-05T09:15	1
BNT162-01	XB	BNT162-01-276-01-0034	2	HLAB	HLA Class IB Antigen	HLA-TYPING	B*08:01:01G, B*41:01:01G	B*08:01:01G, B*41:01:01G	""	BASELINE	2020-05-05T09:15	1
BNT162-01	XB	BNT162-01-276-01-0034	3	HLAC	HLA Class IC Antigen	HLA-TYPING	C*07:01:01G, C*17:01:01G	C*07:01:01G, C*17:01:01G	""	BASELINE	2020-05-05T09:15	1
BNT162-01	XB	BNT162-01-276-01-0034	4	HLADQB1	HLA DQ Beta1 Antigen	HLA-TYPING	DQB1*02:01:01G, DQB1*02:02:01	DQB1*02:01:01G, DQB1*02:02:01	""	BASELINE	2020-05-05T09:15	1
BNT162-01	XB	BNT162-01-276-01-0034	5	HLADRB1	HLA DR Beta1 Antigen	HLA-TYPING	DRB1*03:01:01G, DRB1*04:05:01G	DRB1*03:01:01G, DRB1*04:05:01G	""	BASELINE	2020-05-05T09:15	1
BNT162-01	XB	BNT162-01-276-01-0037	1	HLAA	HLA Class IA Antigen	HLA-TYPING	A*01:01:01G, A*11:01:01G	A*01:01:01G, A*11:01:01G	""	BASELINE	2020-05-05T09:45	1
BNT162-01	XB	BNT162-01-276-01-0037	2	HLAB	HLA Class IB Antigen	HLA-TYPING	B*37:01:01G, B*56:01:01G	B*37:01:01G, B*56:01:01G	""	BASELINE	2020-05-05T09:45	1
BNT162-01	XB	BNT162-01-276-01-0037	3	HLAC	HLA Class IC Antigen	HLA-TYPING	C*01:02:01G, C*06:02:01G	C*01:02:01G, C*06:02:01G	""	BASELINE	2020-05-05T09:45	1
BNT162-01	XB	BNT162-01-276-01-0037	4	HLADQB1	HLA DQ Beta1 Antigen	HLA-TYPING	DQB1*03:01:01G, DQB1*06:02:01G	DQB1*03:01:01G, DQB1*06:02:01G	""	BASELINE	2020-05-05T09:45	1
BNT162-01	XB	BNT162-01-276-01-0037	5	HLADRB1	HLA DR Beta1 Antigen	HLA-TYPING	DRB1*11:01:01G, DRB1*15:01:01G	DRB1*11:01:01G, DRB1*15:01:01G	""	BASELINE	2020-05-05T09:45	1
BNT162-01	XB	BNT162-01-276-01-0038	1	HLAA	HLA Class IA Antigen	HLA-TYPING	A*02:01:01G, A*02:02:01G	A*02:01:01G, A*02:02:01G	""	BASELINE	2020-05-07T09:15	1
BNT162-01	XB	BNT162-01-276-01-0038	2	HLAB	HLA Class IB Antigen	HLA-TYPING	B*08:01:01G, B*58:01:01G	B*08:01:01G, B*58:01:01G	""	BASELINE	2020-05-07T09:15	1
BNT162-01	XB	BNT162-01-276-01-0038	3	HLAC	HLA Class IC Antigen	HLA-TYPING	C*03:02:01G, C*07:01:01G	C*03:02:01G, C*07:01:01G	""	BASELINE	2020-05-07T09:15	1
BNT162-01	XB	BNT162-01-276-01-0038	4	HLADQB1	HLA DQ Beta1 Antigen	HLA-TYPING	DQB1*03:01:01G, DQB1*05:01:01G	DQB1*03:01:01G, DQB1*05:01:01G	""	BASELINE	2020-05-07T09:15	1
BNT162-01	XB	BNT162-01-276-01-0038	5	HLADRB1	HLA DR Beta1 Antigen	HLA-TYPING	DRB1*04:01:01G, DRB1*10:01:01G	DRB1*04:01:01G, DRB1*10:01:01G	""	BASELINE	2020-05-07T09:15	1
BNT162-01	XB	BNT162-01-276-01-0039	1	HLAA	HLA Class IA Antigen	HLA-TYPING	A*11:01:01G, A*32:01:01G	A*11:01:01G, A*32:01:01G	""	BASELINE	2020-05-07T09:45	1
BNT162-01	XB	BNT162-01-276-01-0039	2	HLAB	HLA Class IB Antigen	HLA-TYPING	B*08:01:01G, B*52:01:01G	B*08:01:01G, B*52:01:01G	""	BASELINE	2020-05-07T09:45	1
BNT162-01	XB	BNT162-01-276-01-0039	3	HLAC	HLA Class IC Antigen	HLA-TYPING	C*07:02:01G, C*12:02:01G	C*07:02:01G, C*12:02:01G	""	BASELINE	2020-05-07T09:45	1
BNT162-01	XB	BNT162-01-276-01-0039	4	HLADQB1	HLA DQ Beta1 Antigen	HLA-TYPING	DQB1*02:01:01G, DQB1*06:01:01G	DQB1*02:01:01G, DQB1*06:01:01G	""	BASELINE	2020-05-07T09:45	1
BNT162-01	XB	BNT162-01-276-01-0039	5	HLADRB1	HLA DR Beta1 Antigen	HLA-TYPING	DRB1*03:01:01G, DRB1*15:02:01G	DRB1*03:01:01G, DRB1*15:02:01G	""	BASELINE	2020-05-07T09:45	1
BNT162-01	XB	BNT162-01-276-01-0041	1	HLAA	HLA Class IA Antigen	HLA-TYPING	A*23:01:01G, A*24:02:01G	A*23:01:01G, A*24:02:01G	""	BASELINE	2020-05-08T08:51	1
BNT162-01	XB	BNT162-01-276-01-0041	2	HLAB	HLA Class IB Antigen	HLA-TYPING	B*44:03:01G, B*53:01:01G	B*44:03:01G, B*53:01:01G	""	BASELINE	2020-05-08T08:51	1
BNT162-01	XB	BNT162-01-276-01-0041	3	HLAC	HLA Class IC Antigen	HLA-TYPING	C*06:02:01G, C*16:01:01G	C*06:02:01G, C*16:01:01G	""	BASELINE	2020-05-08T08:51	1
BNT162-01	XB	BNT162-01-276-01-0041	4	HLADQB1	HLA DQ Beta1 Antigen	HLA-TYPING	DQB1*06:02:01G, DQB1*06:04:01G	DQB1*06:02:01G, DQB1*06:04:01G	""	BASELINE	2020-05-08T08:51	1
BNT162-01	XB	BNT162-01-276-01-0041	5	HLADRB1	HLA DR Beta1 Antigen	HLA-TYPING	DRB1*13:02:01G, DRB1*15:01:01G	DRB1*13:02:01G, DRB1*15:01:01G	""	BASELINE	2020-05-08T08:51	1
BNT162-01	XB	BNT162-01-276-01-0042	1	HLAA	HLA Class IA Antigen	HLA-TYPING	A*03:01:01G, A*32:01:01G	A*03:01:01G, A*32:01:01G	""	BASELINE	2020-05-08T09:06	1
BNT162-01	XB	BNT162-01-276-01-0042	2	HLAB	HLA Class IB Antigen	HLA-TYPING	B*07:04:01, B*51:01:01G	B*07:04:01, B*51:01:01G	""	BASELINE	2020-05-08T09:06	1
BNT162-01	XB	BNT162-01-276-01-0042	3	HLAC	HLA Class IC Antigen	HLA-TYPING	C*02:02:02G, C*07:02:01G	C*02:02:02G, C*07:02:01G	""	BASELINE	2020-05-08T09:06	1
BNT162-01	XB	BNT162-01-276-01-0042	4	HLADQB1	HLA DQ Beta1 Antigen	HLA-TYPING	DQB1*03:02:01G, DQB1*03:03:02G	DQB1*03:02:01G, DQB1*03:03:02G	""	BASELINE	2020-05-08T09:06	1
BNT162-01	XB	BNT162-01-276-01-0042	5	HLADRB1	HLA DR Beta1 Antigen	HLA-TYPING	DRB1*04:01:01G, DRB1*07:01:01G	DRB1*04:01:01G, DRB1*07:01:01G	""	BASELINE	2020-05-08T09:06	1
BNT162-01	XB	BNT162-01-276-01-0043	1	HLAA	HLA Class IA Antigen	HLA-TYPING	A*01:01:01G, A*11:01:01G	A*01:01:01G, A*11:01:01G	""	BASELINE	2020-05-07T10:15	1
BNT162-01	XB	BNT162-01-276-01-0043	2	HLAB	HLA Class IB Antigen	HLA-TYPING	B*08:01:01G	B*08:01:01G	""	BASELINE	2020-05-07T10:15	1
BNT162-01	XB	BNT162-01-276-01-0043	3	HLAC	HLA Class IC Antigen	HLA-TYPING	C*07:01:01G	C*07:01:01G	""	BASELINE	2020-05-07T10:15	1
BNT162-01	XB	BNT162-01-276-01-0043	4	HLADQB1	HLA DQ Beta1 Antigen	HLA-TYPING	DQB1*02:01:01G	DQB1*02:01:01G	""	BASELINE	2020-05-07T10:15	1
BNT162-01	XB	BNT162-01-276-01-0043	5	HLADRB1	HLA DR Beta1 Antigen	HLA-TYPING	DRB1*03:01:01G	DRB1*03:01:01G	""	BASELINE	2020-05-07T10:15	1
BNT162-01	XB	BNT162-01-276-01-0047	1	HLAA	HLA Class IA Antigen	HLA-TYPING	A*02:01:01G	A*02:01:01G	""	BASELINE	2020-05-07T10:45	1
BNT162-01	XB	BNT162-01-276-01-0047	2	HLAB	HLA Class IB Antigen	HLA-TYPING	B*39:01:01G, B*57:01:01G	B*39:01:01G, B*57:01:01G	""	BASELINE	2020-05-07T10:45	1
BNT162-01	XB	BNT162-01-276-01-0047	3	HLAC	HLA Class IC Antigen	HLA-TYPING	C*06:02:01G, C*07:02:01G	C*06:02:01G, C*07:02:01G	""	BASELINE	2020-05-07T10:45	1
BNT162-01	XB	BNT162-01-276-01-0047	4	HLADQB1	HLA DQ Beta1 Antigen	HLA-TYPING	DQB1*03:02:01G, DQB1*03:03:02G	DQB1*03:02:01G, DQB1*03:03:02G	""	BASELINE	2020-05-07T10:45	1
BNT162-01	XB	BNT162-01-276-01-0047	5	HLADRB1	HLA DR Beta1 Antigen	HLA-TYPING	DRB1*04:01:01G, DRB1*07:01:01G	DRB1*04:01:01G, DRB1*07:01:01G	""	BASELINE	2020-05-07T10:45	1
BNT162-01	XB	BNT162-01-276-01-0049	1	HLAA	HLA Class IA Antigen	HLA-TYPING	A*02:01:01G, A*26:01:01G	A*02:01:01G, A*26:01:01G	""	BASELINE	2020-05-12T08:52	1
BNT162-01	XB	BNT162-01-276-01-0049	2	HLAB	HLA Class IB Antigen	HLA-TYPING	B*15:01:01G, B*38:01:01G	B*15:01:01G, B*38:01:01G	""	BASELINE	2020-05-12T08:52	1
BNT162-01	XB	BNT162-01-276-01-0049	3	HLAC	HLA Class IC Antigen	HLA-TYPING	C*03:04:01G, C*12:03:01G	C*03:04:01G, C*12:03:01G	""	BASELINE	2020-05-12T08:52	1
BNT162-01	XB	BNT162-01-276-01-0049	4	HLADQB1	HLA DQ Beta1 Antigen	HLA-TYPING	DQB1*03:02:01G, DQB1*06:09:01G	DQB1*03:02:01G, DQB1*06:09:01G	""	BASELINE	2020-05-12T08:52	1
BNT162-01	XB	BNT162-01-276-01-0049	5	HLADRB1	HLA DR Beta1 Antigen	HLA-TYPING	DRB1*04:01:01G, DRB1*13:02:01G	DRB1*04:01:01G, DRB1*13:02:01G	""	BASELINE	2020-05-12T08:52	1
BNT162-01	XB	BNT162-01-276-01-0053	1	HLAA	HLA Class IA Antigen	HLA-TYPING	A*01:01:01G, A*68:01:02G	A*01:01:01G, A*68:01:02G	""	BASELINE	2020-05-12T08:18	1
BNT162-01	XB	BNT162-01-276-01-0053	2	HLAB	HLA Class IB Antigen	HLA-TYPING	B*07:02:01G, B*35:08:01G	B*07:02:01G, B*35:08:01G	""	BASELINE	2020-05-12T08:18	1
BNT162-01	XB	BNT162-01-276-01-0053	3	HLAC	HLA Class IC Antigen	HLA-TYPING	C*04:01:01G, C*07:02:01G	C*04:01:01G, C*07:02:01G	""	BASELINE	2020-05-12T08:18	1
BNT162-01	XB	BNT162-01-276-01-0053	4	HLADQB1	HLA DQ Beta1 Antigen	HLA-TYPING	DQB1*03:01:01G, DQB1*03:02:01G	DQB1*03:01:01G, DQB1*03:02:01G	""	BASELINE	2020-05-12T08:18	1
BNT162-01	XB	BNT162-01-276-01-0053	5	HLADRB1	HLA DR Beta1 Antigen	HLA-TYPING	DRB1*04:01:01G, DRB1*11:01:01G	DRB1*04:01:01G, DRB1*11:01:01G	""	BASELINE	2020-05-12T08:18	1
BNT162-01	XB	BNT162-01-276-01-0056	1	HLAA	HLA Class IA Antigen	HLA-TYPING	A*02:05:01G, A*26:01:01G	A*02:05:01G, A*26:01:01G	""	BASELINE	2020-05-13T09:28	1
BNT162-01	XB	BNT162-01-276-01-0056	2	HLAB	HLA Class IB Antigen	HLA-TYPING	B*07:02:01G, B*44:03:01G	B*07:02:01G, B*44:03:01G	""	BASELINE	2020-05-13T09:28	1
BNT162-01	XB	BNT162-01-276-01-0056	3	HLAC	HLA Class IC Antigen	HLA-TYPING	C*04:01:01G, C*07:02:01G	C*04:01:01G, C*07:02:01G	""	BASELINE	2020-05-13T09:28	1
BNT162-01	XB	BNT162-01-276-01-0056	4	HLADQB1	HLA DQ Beta1 Antigen	HLA-TYPING	DQB1*03:01:01G, DQB1*06:09:01G	DQB1*03:01:01G, DQB1*06:09:01G	""	BASELINE	2020-05-13T09:28	1
BNT162-01	XB	BNT162-01-276-01-0056	5	HLADRB1	HLA DR Beta1 Antigen	HLA-TYPING	DRB1*11:01:01G, DRB1*13:02:01G	DRB1*11:01:01G, DRB1*13:02:01G	""	BASELINE	2020-05-13T09:28	1
BNT162-01	XB	BNT162-01-276-01-0057	1	HLAA	HLA Class IA Antigen	HLA-TYPING	A*02:01:01G, A*11:01:01G	A*02:01:01G, A*11:01:01G	""	BASELINE	2020-05-15T09:03	1
BNT162-01	XB	BNT162-01-276-01-0057	2	HLAB	HLA Class IB Antigen	HLA-TYPING	B*38:01:01G, B*57:01:01G	B*38:01:01G, B*57:01:01G	""	BASELINE	2020-05-15T09:03	1
BNT162-01	XB	BNT162-01-276-01-0057	3	HLAC	HLA Class IC Antigen	HLA-TYPING	C*06:02:01G, C*12:03:01G	C*06:02:01G, C*12:03:01G	""	BASELINE	2020-05-15T09:03	1
BNT162-01	XB	BNT162-01-276-01-0057	4	HLADQB1	HLA DQ Beta1 Antigen	HLA-TYPING	DQB1*03:03:02G, DQB1*06:03:01G	DQB1*03:03:02G, DQB1*06:03:01G	""	BASELINE	2020-05-15T09:03	1
BNT162-01	XB	BNT162-01-276-01-0057	5	HLADRB1	HLA DR Beta1 Antigen	HLA-TYPING	DRB1*07:01:01G, DRB1*13:01:01G	DRB1*07:01:01G, DRB1*13:01:01G	""	BASELINE	2020-05-15T09:03	1
BNT162-01	XB	BNT162-01-276-01-0059	1	HLAA	HLA Class IA Antigen	HLA-TYPING	A*02:01:01G, A*30:04:01G	A*02:01:01G, A*30:04:01G	""	BASELINE	2020-05-13T10:01	1
BNT162-01	XB	BNT162-01-276-01-0059	2	HLAB	HLA Class IB Antigen	HLA-TYPING	B*14:01:01G, B*44:02:01G	B*14:01:01G, B*44:02:01G	""	BASELINE	2020-05-13T10:01	1
BNT162-01	XB	BNT162-01-276-01-0059	3	HLAC	HLA Class IC Antigen	HLA-TYPING	C*05:01:01G, C*08:02:01G	C*05:01:01G, C*08:02:01G	""	BASELINE	2020-05-13T10:01	1
BNT162-01	XB	BNT162-01-276-01-0059	4	HLADQB1	HLA DQ Beta1 Antigen	HLA-TYPING	DQB1*06:02:01G, DQB1*06:03:01G	DQB1*06:02:01G, DQB1*06:03:01G	""	BASELINE	2020-05-13T10:01	1
BNT162-01	XB	BNT162-01-276-01-0059	5	HLADRB1	HLA DR Beta1 Antigen	HLA-TYPING	DRB1*15:01:01G	DRB1*15:01:01G	""	BASELINE	2020-05-13T10:01	1
BNT162-01	XB	BNT162-01-276-01-0060	1	HLAA	HLA Class IA Antigen	HLA-TYPING	A*32:01:01G	A*32:01:01G	""	BASELINE	2020-05-13T10:29	1
BNT162-01	XB	BNT162-01-276-01-0060	2	HLAB	HLA Class IB Antigen	HLA-TYPING	B*15:17:01G, B*57:01:01G	B*15:17:01G, B*57:01:01G	""	BASELINE	2020-05-13T10:29	1
BNT162-01	XB	BNT162-01-276-01-0060	3	HLAC	HLA Class IC Antigen	HLA-TYPING	C*06:02:01G, C*07:01:01G	C*06:02:01G, C*07:01:01G	""	BASELINE	2020-05-13T10:29	1
BNT162-01	XB	BNT162-01-276-01-0060	4	HLADQB1	HLA DQ Beta1 Antigen	HLA-TYPING	DQB1*03:03:02G, DQB1*06:04:01G	DQB1*03:03:02G, DQB1*06:04:01G	""	BASELINE	2020-05-13T10:29	1
BNT162-01	XB	BNT162-01-276-01-0060	5	HLADRB1	HLA DR Beta1 Antigen	HLA-TYPING	DRB1*07:01:01G, DRB1*13:02:01G	DRB1*07:01:01G, DRB1*13:02:01G	""	BASELINE	2020-05-13T10:29	1
BNT162-01	XB	BNT162-01-276-01-0068	1	HLAA	HLA Class IA Antigen	HLA-TYPING	A*24:02:01G, A*26:01:01G	A*24:02:01G, A*26:01:01G	""	BASELINE	2020-05-15T08:57	1
BNT162-01	XB	BNT162-01-276-01-0068	2	HLAB	HLA Class IB Antigen	HLA-TYPING	B*18:01:01G, B*38:01:01G	B*18:01:01G, B*38:01:01G	""	BASELINE	2020-05-15T08:57	1
BNT162-01	XB	BNT162-01-276-01-0068	3	HLAC	HLA Class IC Antigen	HLA-TYPING	C*02:02:02G, C*12:03:01G	C*02:02:02G, C*12:03:01G	""	BASELINE	2020-05-15T08:57	1
BNT162-01	XB	BNT162-01-276-01-0068	4	HLADQB1	HLA DQ Beta1 Antigen	HLA-TYPING	DQB1*03:01:01G, DQB1*06:03:01G	DQB1*03:01:01G, DQB1*06:03:01G	""	BASELINE	2020-05-15T08:57	1
BNT162-01	XB	BNT162-01-276-01-0068	5	HLADRB1	HLA DR Beta1 Antigen	HLA-TYPING	DRB1*11:01:01G, DRB1*13:01:01G	DRB1*11:01:01G, DRB1*13:01:01G	""	BASELINE	2020-05-15T08:57	1
BNT162-01	XB	BNT162-01-276-01-0070	1	HLAA	HLA Class IA Antigen	HLA-TYPING	A*02:01:01G	A*02:01:01G	""	BASELINE	2020-05-15T10:30	1
BNT162-01	XB	BNT162-01-276-01-0070	2	HLAB	HLA Class IB Antigen	HLA-TYPING	B*15:01:01G, B*40:01:01G	B*15:01:01G, B*40:01:01G	""	BASELINE	2020-05-15T10:30	1
BNT162-01	XB	BNT162-01-276-01-0070	3	HLAC	HLA Class IC Antigen	HLA-TYPING	C*03:04:01G, C*04:01:01G	C*03:04:01G, C*04:01:01G	""	BASELINE	2020-05-15T10:30	1
BNT162-01	XB	BNT162-01-276-01-0070	4	HLADQB1	HLA DQ Beta1 Antigen	HLA-TYPING	DQB1*03:03:02G, DQB1*06:04:01G	DQB1*03:03:02G, DQB1*06:04:01G	""	BASELINE	2020-05-15T10:30	1
BNT162-01	XB	BNT162-01-276-01-0070	5	HLADRB1	HLA DR Beta1 Antigen	HLA-TYPING	DRB1*07:01:01G, DRB1*13:02:01G	DRB1*07:01:01G, DRB1*13:02:01G	""	BASELINE	2020-05-15T10:30	1
BNT162-01	XB	BNT162-01-276-01-0073	1	HLAA	HLA Class IA Antigen	HLA-TYPING	A*26:01:01G, A*31:01:02G	A*26:01:01G, A*31:01:02G	""	BASELINE	2020-05-15T11:01	1
BNT162-01	XB	BNT162-01-276-01-0073	2	HLAB	HLA Class IB Antigen	HLA-TYPING	B*27:05:02G, B*51:01:01G	B*27:05:02G, B*51:01:01G	""	BASELINE	2020-05-15T11:01	1
BNT162-01	XB	BNT162-01-276-01-0073	3	HLAC	HLA Class IC Antigen	HLA-TYPING	C*01:02:01G, C*15:02:01G	C*01:02:01G, C*15:02:01G	""	BASELINE	2020-05-15T11:01	1
BNT162-01	XB	BNT162-01-276-01-0073	4	HLADQB1	HLA DQ Beta1 Antigen	HLA-TYPING	DQB1*05:01:01G, DQB1*06:02:01G	DQB1*05:01:01G, DQB1*06:02:01G	""	BASELINE	2020-05-15T11:01	1
BNT162-01	XB	BNT162-01-276-01-0073	5	HLADRB1	HLA DR Beta1 Antigen	HLA-TYPING	DRB1*01:01:01G, DRB1*15:01:01G	DRB1*01:01:01G, DRB1*15:01:01G	""	BASELINE	2020-05-15T11:01	1
BNT162-01	XB	BNT162-01-276-01-0075	1	HLAA	HLA Class IA Antigen	HLA-TYPING	A*01:01:01G, A*30:01:01G	A*01:01:01G, A*30:01:01G	""	BASELINE	2020-05-22T08:42	1
BNT162-01	XB	BNT162-01-276-01-0075	2	HLAB	HLA Class IB Antigen	HLA-TYPING	B*13:02:01G, B*52:01:01G	B*13:02:01G, B*52:01:01G	""	BASELINE	2020-05-22T08:42	1
BNT162-01	XB	BNT162-01-276-01-0075	3	HLAC	HLA Class IC Antigen	HLA-TYPING	C*06:02:01G, C*12:02:01G	C*06:02:01G, C*12:02:01G	""	BASELINE	2020-05-22T08:42	1
BNT162-01	XB	BNT162-01-276-01-0075	4	HLADQB1	HLA DQ Beta1 Antigen	HLA-TYPING	DQB1*02:02:01, DQB1*06:01:01G	DQB1*02:02:01, DQB1*06:01:01G	""	BASELINE	2020-05-22T08:42	1
BNT162-01	XB	BNT162-01-276-01-0075	5	HLADRB1	HLA DR Beta1 Antigen	HLA-TYPING	DRB1*07:01:01G, DRB1*15:02:01G	DRB1*07:01:01G, DRB1*15:02:01G	""	BASELINE	2020-05-22T08:42	1
BNT162-01	XB	BNT162-01-276-01-0078	1	HLAA	HLA Class IA Antigen	HLA-TYPING	A*01:01:01G, A*02:01:01G	A*01:01:01G, A*02:01:01G	""	BASELINE	2020-05-22T09:35	1
BNT162-01	XB	BNT162-01-276-01-0078	2	HLAB	HLA Class IB Antigen	HLA-TYPING	B*35:01:01G, B*51:01:01G	B*35:01:01G, B*51:01:01G	""	BASELINE	2020-05-22T09:35	1
BNT162-01	XB	BNT162-01-276-01-0078	3	HLAC	HLA Class IC Antigen	HLA-TYPING	C*04:01:01G, C*14:02:01G	C*04:01:01G, C*14:02:01G	""	BASELINE	2020-05-22T09:35	1
BNT162-01	XB	BNT162-01-276-01-0078	4	HLADQB1	HLA DQ Beta1 Antigen	HLA-TYPING	DQB1*05:01:01G, DQB1*06:02:01G	DQB1*05:01:01G, DQB1*06:02:01G	""	BASELINE	2020-05-22T09:35	1
BNT162-01	XB	BNT162-01-276-01-0078	5	HLADRB1	HLA DR Beta1 Antigen	HLA-TYPING	DRB1*01:01:01G, DRB1*16:01:01	DRB1*01:01:01G, DRB1*16:01:01	""	BASELINE	2020-05-22T09:35	1
BNT162-01	XB	BNT162-01-276-01-0093	1	HLAA	HLA Class IA Antigen	HLA-TYPING	A*02:01:01G, A*68:01:01G	A*02:01:01G, A*68:01:01G	""	BASELINE	2020-05-20T10:00	1
BNT162-01	XB	BNT162-01-276-01-0093	2	HLAB	HLA Class IB Antigen	HLA-TYPING	B*14:02:01G, B*27:05:02G	B*14:02:01G, B*27:05:02G	""	BASELINE	2020-05-20T10:00	1
BNT162-01	XB	BNT162-01-276-01-0093	3	HLAC	HLA Class IC Antigen	HLA-TYPING	C*02:02:02G, C*08:02:01G	C*02:02:02G, C*08:02:01G	""	BASELINE	2020-05-20T10:00	1
BNT162-01	XB	BNT162-01-276-01-0093	4	HLADQB1	HLA DQ Beta1 Antigen	HLA-TYPING	DQB1*05:01:01G, DQB1*06:02:01G	DQB1*05:01:01G, DQB1*06:02:01G	""	BASELINE	2020-05-20T10:00	1
BNT162-01	XB	BNT162-01-276-01-0093	5	HLADRB1	HLA DR Beta1 Antigen	HLA-TYPING	DRB1*01:02:01G, DRB1*15:01:01G	DRB1*01:02:01G, DRB1*15:01:01G	""	BASELINE	2020-05-20T10:00	1
BNT162-01	XB	BNT162-01-276-01-0104	1	HLAA	HLA Class IA Antigen	HLA-TYPING	A*02:01:01G, A*11:01:01G	A*02:01:01G, A*11:01:01G	""	BASELINE	2020-05-20T10:30	1
BNT162-01	XB	BNT162-01-276-01-0104	2	HLAB	HLA Class IB Antigen	HLA-TYPING	B*08:01:01G, B*44:29:01G	B*08:01:01G, B*44:29:01G	""	BASELINE	2020-05-20T10:30	1
BNT162-01	XB	BNT162-01-276-01-0104	3	HLAC	HLA Class IC Antigen	HLA-TYPING	C*05:01:01G, C*07:01:01G	C*05:01:01G, C*07:01:01G	""	BASELINE	2020-05-20T10:30	1
BNT162-01	XB	BNT162-01-276-01-0104	4	HLADQB1	HLA DQ Beta1 Antigen	HLA-TYPING	DQB1*02:01:01G, DQB1*06:03:01G	DQB1*02:01:01G, DQB1*06:03:01G	""	BASELINE	2020-05-20T10:30	1
BNT162-01	XB	BNT162-01-276-01-0104	5	HLADRB1	HLA DR Beta1 Antigen	HLA-TYPING	DRB1*03:01:01G, DRB1*13:01:01G	DRB1*03:01:01G, DRB1*13:01:01G	""	BASELINE	2020-05-20T10:30	1
BNT162-01	XB	BNT162-01-276-01-0170	1	HLAA	HLA Class IA Antigen	HLA-TYPING	A*25:01:01G, A*31:01:02G	A*25:01:01G, A*31:01:02G	""	BASELINE	2020-07-31T07:49	1
BNT162-01	XB	BNT162-01-276-01-0170	2	HLAB	HLA Class IB Antigen	HLA-TYPING	B*27:05:02G, B*39:01:01G	B*27:05:02G, B*39:01:01G	""	BASELINE	2020-07-31T07:49	1
BNT162-01	XB	BNT162-01-276-01-0170	3	HLAC	HLA Class IC Antigen	HLA-TYPING	C*02:02:02G, C*12:03:01G	C*02:02:02G, C*12:03:01G	""	BASELINE	2020-07-31T07:49	1
BNT162-01	XB	BNT162-01-276-01-0170	4	HLADQB1	HLA DQ Beta1 Antigen	HLA-TYPING	DQB1*05:01:01G, DQB1*06:03:01G	DQB1*05:01:01G, DQB1*06:03:01G	""	BASELINE	2020-07-31T07:49	1
BNT162-01	XB	BNT162-01-276-01-0170	5	HLADRB1	HLA DR Beta1 Antigen	HLA-TYPING	DRB1*01:01:01G, DRB1*13:01:01G	DRB1*01:01:01G, DRB1*13:01:01G	""	BASELINE	2020-07-31T07:49	1
BNT162-01	XB	BNT162-01-276-01-0209	1	HLAA	HLA Class IA Antigen	HLA-TYPING	A*02:01:01G, A*03:01:01G	A*02:01:01G, A*03:01:01G	""	BASELINE	2020-07-22T08:45	1
BNT162-01	XB	BNT162-01-276-01-0209	2	HLAB	HLA Class IB Antigen	HLA-TYPING	B*18:01:01G, B*44:02:01G	B*18:01:01G, B*44:02:01G	""	BASELINE	2020-07-22T08:45	1
BNT162-01	XB	BNT162-01-276-01-0209	3	HLAC	HLA Class IC Antigen	HLA-TYPING	C*05:01:01G	C*05:01:01G	""	BASELINE	2020-07-22T08:45	1
BNT162-01	XB	BNT162-01-276-01-0209	4	HLADQB1	HLA DQ Beta1 Antigen	HLA-TYPING	DQB1*02:01:01G, DQB1*06:03:01G	DQB1*02:01:01G, DQB1*06:03:01G	""	BASELINE	2020-07-22T08:45	1
BNT162-01	XB	BNT162-01-276-01-0209	5	HLADRB1	HLA DR Beta1 Antigen	HLA-TYPING	DRB1*03:01:01G, DRB1*13:01:01G	DRB1*03:01:01G, DRB1*13:01:01G	""	BASELINE	2020-07-22T08:45	1
BNT162-01	XB	BNT162-01-276-01-0212	1	HLAA	HLA Class IA Antigen	HLA-TYPING	A*03:01:01G	A*03:01:01G	""	BASELINE	2020-07-22T09:00	1
BNT162-01	XB	BNT162-01-276-01-0212	2	HLAB	HLA Class IB Antigen	HLA-TYPING	B*07:02:01G	B*07:02:01G	""	BASELINE	2020-07-22T09:00	1
BNT162-01	XB	BNT162-01-276-01-0212	3	HLAC	HLA Class IC Antigen	HLA-TYPING	C*07:02:01G	C*07:02:01G	""	BASELINE	2020-07-22T09:00	1
BNT162-01	XB	BNT162-01-276-01-0212	4	HLADQB1	HLA DQ Beta1 Antigen	HLA-TYPING	DQB1*04:02:01G, DQB1*05:01:01G	DQB1*04:02:01G, DQB1*05:01:01G	""	BASELINE	2020-07-22T09:00	1
BNT162-01	XB	BNT162-01-276-01-0212	5	HLADRB1	HLA DR Beta1 Antigen	HLA-TYPING	DRB1*01:01:01G, DRB1*08:01:01G	DRB1*01:01:01G, DRB1*08:01:01G	""	BASELINE	2020-07-22T09:00	1
BNT162-01	XB	BNT162-01-276-01-0221	1	HLAA	HLA Class IA Antigen	HLA-TYPING	A*01:01:01G, A*30:02:01G	A*01:01:01G, A*30:02:01G	""	BASELINE	2020-07-31T08:39	1
BNT162-01	XB	BNT162-01-276-01-0221	2	HLAB	HLA Class IB Antigen	HLA-TYPING	B*08:01:01G, B*51:01:01G	B*08:01:01G, B*51:01:01G	""	BASELINE	2020-07-31T08:39	1
BNT162-01	XB	BNT162-01-276-01-0221	3	HLAC	HLA Class IC Antigen	HLA-TYPING	C*07:01:01G, C*16:01:01G	C*07:01:01G, C*16:01:01G	""	BASELINE	2020-07-31T08:39	1
BNT162-01	XB	BNT162-01-276-01-0221	4	HLADQB1	HLA DQ Beta1 Antigen	HLA-TYPING	DQB1*02:02:01, DQB1*05:03:01G	DQB1*02:02:01, DQB1*05:03:01G	""	BASELINE	2020-07-31T08:39	1
BNT162-01	XB	BNT162-01-276-01-0221	5	HLADRB1	HLA DR Beta1 Antigen	HLA-TYPING	DRB1*07:01:01G, DRB1*14:54:01	DRB1*07:01:01G, DRB1*14:54:01	""	BASELINE	2020-07-31T08:39	1
BNT162-01	XB	BNT162-01-276-01-0224	1	HLAA	HLA Class IA Antigen	HLA-TYPING	A*24:02:01G, A*30:01:01G	A*24:02:01G, A*30:01:01G	""	BASELINE	2020-07-31T07:55	1
BNT162-01	XB	BNT162-01-276-01-0224	2	HLAB	HLA Class IB Antigen	HLA-TYPING	B*27:05:02G, B*35:02:01G	B*27:05:02G, B*35:02:01G	""	BASELINE	2020-07-31T07:55	1
BNT162-01	XB	BNT162-01-276-01-0224	3	HLAC	HLA Class IC Antigen	HLA-TYPING	C*01:02:01G, C*04:01:01G	C*01:02:01G, C*04:01:01G	""	BASELINE	2020-07-31T07:55	1
BNT162-01	XB	BNT162-01-276-01-0224	4	HLADQB1	HLA DQ Beta1 Antigen	HLA-TYPING	DQB1*03:01:01G, DQB1*05:01:01G	DQB1*03:01:01G, DQB1*05:01:01G	""	BASELINE	2020-07-31T07:55	1
BNT162-01	XB	BNT162-01-276-01-0224	5	HLADRB1	HLA DR Beta1 Antigen	HLA-TYPING	DRB1*01:01:01G, DRB1*11:01:01G	DRB1*01:01:01G, DRB1*11:01:01G	""	BASELINE	2020-07-31T07:55	1
BNT162-01	XB	BNT162-01-276-01-0225	1	HLAA	HLA Class IA Antigen	HLA-TYPING	A*02:01:01G, A*03:01:01G	A*02:01:01G, A*03:01:01G	""	BASELINE	2020-07-31T08:10	1
BNT162-01	XB	BNT162-01-276-01-0225	2	HLAB	HLA Class IB Antigen	HLA-TYPING	B*35:01:01G, B*44:02:01G	B*35:01:01G, B*44:02:01G	""	BASELINE	2020-07-31T08:10	1
BNT162-01	XB	BNT162-01-276-01-0225	3	HLAC	HLA Class IC Antigen	HLA-TYPING	C*04:01:01G, C*05:01:01G	C*04:01:01G, C*05:01:01G	""	BASELINE	2020-07-31T08:10	1
BNT162-01	XB	BNT162-01-276-01-0225	4	HLADQB1	HLA DQ Beta1 Antigen	HLA-TYPING	DQB1*03:01:01G, DQB1*05:01:01G	DQB1*03:01:01G, DQB1*05:01:01G	""	BASELINE	2020-07-31T08:10	1
BNT162-01	XB	BNT162-01-276-01-0225	5	HLADRB1	HLA DR Beta1 Antigen	HLA-TYPING	DRB1*01:01:01G, DRB1*04:01:01G	DRB1*01:01:01G, DRB1*04:01:01G	""	BASELINE	2020-07-31T08:10	1
BNT162-01	XB	BNT162-01-276-01-0226	1	HLAA	HLA Class IA Antigen	HLA-TYPING	A*01:01:01G, A*02:01:01G	A*01:01:01G, A*02:01:01G	""	BASELINE	2020-07-31T08:27	1
BNT162-01	XB	BNT162-01-276-01-0226	2	HLAB	HLA Class IB Antigen	HLA-TYPING	B*08:01:01G, B*35:03:01G	B*08:01:01G, B*35:03:01G	""	BASELINE	2020-07-31T08:27	1
BNT162-01	XB	BNT162-01-276-01-0226	3	HLAC	HLA Class IC Antigen	HLA-TYPING	C*04:01:01G, C*07:01:01G	C*04:01:01G, C*07:01:01G	""	BASELINE	2020-07-31T08:27	1
BNT162-01	XB	BNT162-01-276-01-0226	4	HLADQB1	HLA DQ Beta1 Antigen	HLA-TYPING	DQB1*02:01:01G, DQB1*02:02:01	DQB1*02:01:01G, DQB1*02:02:01	""	BASELINE	2020-07-31T08:27	1
BNT162-01	XB	BNT162-01-276-01-0226	5	HLADRB1	HLA DR Beta1 Antigen	HLA-TYPING	DRB1*03:01:01G, DRB1*07:01:01G	DRB1*03:01:01G, DRB1*07:01:01G	""	BASELINE	2020-07-31T08:27	1
BNT162-01	XB	BNT162-01-276-02-0110	1	HLAA	HLA Class IA Antigen	HLA-TYPING	A*23:01:01G, A*24:02:01G	A*23:01:01G, A*24:02:01G	""	BASELINE	2020-06-16T11:23	1
BNT162-01	XB	BNT162-01-276-02-0110	2	HLAB	HLA Class IB Antigen	HLA-TYPING	B*07:02:01G, B*41:01:01G	B*07:02:01G, B*41:01:01G	""	BASELINE	2020-06-16T11:23	1
BNT162-01	XB	BNT162-01-276-02-0110	3	HLAC	HLA Class IC Antigen	HLA-TYPING	C*07:02:01G, C*17:01:01G	C*07:02:01G, C*17:01:01G	""	BASELINE	2020-06-16T11:23	1
BNT162-01	XB	BNT162-01-276-02-0110	4	HLADQB1	HLA DQ Beta1 Antigen	HLA-TYPING	DQB1*02:02:01, DQB1*06:02:01G	DQB1*02:02:01, DQB1*06:02:01G	""	BASELINE	2020-06-16T11:23	1
BNT162-01	XB	BNT162-01-276-02-0110	5	HLADRB1	HLA DR Beta1 Antigen	HLA-TYPING	DRB1*07:01:01G, DRB1*15:01:01G	DRB1*07:01:01G, DRB1*15:01:01G	""	BASELINE	2020-06-16T11:23	1
BNT162-01	XB	BNT162-01-276-02-0127	1	HLAA	HLA Class IA Antigen	HLA-TYPING	A*32:01:01G, A*33:03:01G	A*32:01:01G, A*33:03:01G	""	BASELINE	2020-06-22T07:40	1
BNT162-01	XB	BNT162-01-276-02-0127	2	HLAB	HLA Class IB Antigen	HLA-TYPING	B*35:01:01G, B*51:01:01G	B*35:01:01G, B*51:01:01G	""	BASELINE	2020-06-22T07:40	1
BNT162-01	XB	BNT162-01-276-02-0127	3	HLAC	HLA Class IC Antigen	HLA-TYPING	C*02:02:02G, C*06:02:01G	C*02:02:02G, C*06:02:01G	""	BASELINE	2020-06-22T07:40	1
BNT162-01	XB	BNT162-01-276-02-0127	4	HLADQB1	HLA DQ Beta1 Antigen	HLA-TYPING	DQB1*03:02:01G, DQB1*06:01:01G	DQB1*03:02:01G, DQB1*06:01:01G	""	BASELINE	2020-06-22T07:40	1
BNT162-01	XB	BNT162-01-276-02-0127	5	HLADRB1	HLA DR Beta1 Antigen	HLA-TYPING	DRB1*04:01:01G, DRB1*15:02:01G	DRB1*04:01:01G, DRB1*15:02:01G	""	BASELINE	2020-06-22T07:40	1
BNT162-01	XB	BNT162-01-276-02-0149	1	HLAA	HLA Class IA Antigen	HLA-TYPING	A*02:01:01G, A*68:01:02G	A*02:01:01G, A*68:01:02G	""	BASELINE	2020-06-22T08:51	1
BNT162-01	XB	BNT162-01-276-02-0149	2	HLAB	HLA Class IB Antigen	HLA-TYPING	B*44:02:01G, B*51:01:01G	B*44:02:01G, B*51:01:01G	""	BASELINE	2020-06-22T08:51	1
BNT162-01	XB	BNT162-01-276-02-0149	3	HLAC	HLA Class IC Antigen	HLA-TYPING	C*07:04:01G, C*14:02:01G	C*07:04:01G, C*14:02:01G	""	BASELINE	2020-06-22T08:51	1
BNT162-01	XB	BNT162-01-276-02-0149	4	HLADQB1	HLA DQ Beta1 Antigen	HLA-TYPING	DQB1*02:01:01G, DQB1*03:01:01G	DQB1*02:01:01G, DQB1*03:01:01G	""	BASELINE	2020-06-22T08:51	1
BNT162-01	XB	BNT162-01-276-02-0149	5	HLADRB1	HLA DR Beta1 Antigen	HLA-TYPING	DRB1*03:01:01G, DRB1*11:01:01G	DRB1*03:01:01G, DRB1*11:01:01G	""	BASELINE	2020-06-22T08:51	1
