STUDYID	DOMAIN	ARMCD	ARM	TAETORD	ETCD	ELEMENT	TABRANCH	TATRANS	EPOCH
BNT162-01	TA	BNT162b1-03-1	BNT162b1 Cohort 03 1 ug	1	SCRN	Screening	""	""	SCREENING
BNT162-01	TA	BNT162b1-03-1	BNT162b1 Cohort 03 1 ug	2	PREDOSE	Pre-dose assessments	Allocated to BNT162b1-03-1	""	BASELINE
BNT162-01	TA	BNT162b1-03-1	BNT162b1 Cohort 03 1 ug	3	VXB1C3P	BNT162b1 cohort 3 prime vaccine	""	If dose-limiting toxicity, go to Follow-up element	TREATMENT
BNT162-01	TA	BNT162b1-03-1	BNT162b1 Cohort 03 1 ug	4	VXB1C3B	BNT162b1 cohort 3 boost vaccine	""	""	TREATMENT
BNT162-01	TA	BNT162b1-03-1	BNT162b1 Cohort 03 1 ug	5	FUP	Follow-up	""	""	FOLLOW-UP
BNT162-01	TA	BNT162b1-01-10	BNT162b1 Cohort 01 10 ug	1	SCRN	Screening	""	""	SCREENING
BNT162-01	TA	BNT162b1-01-10	BNT162b1 Cohort 01 10 ug	2	PREDOSE	Pre-dose assessments	Allocated to BNT162b1-01-10	""	BASELINE
BNT162-01	TA	BNT162b1-01-10	BNT162b1 Cohort 01 10 ug	3	VXB1C1P	BNT162b1 cohort 1 prime vaccine	""	If dose-limiting toxicity, go to Follow-up element	TREATMENT
BNT162-01	TA	BNT162b1-01-10	BNT162b1 Cohort 01 10 ug	4	VXB1C1B	BNT162b1 cohort 1 boost vaccine	""	""	TREATMENT
BNT162-01	TA	BNT162b1-01-10	BNT162b1 Cohort 01 10 ug	5	FUP	Follow-up	""	""	FOLLOW-UP
BNT162-01	TA	BNT162b1-07-20	BNT162b1 Cohort 07 20 ug	1	SCRN	Screening	""	""	SCREENING
BNT162-01	TA	BNT162b1-07-20	BNT162b1 Cohort 07 20 ug	2	PREDOSE	Pre-dose assessments	Allocated to BNT162b1-07-20	""	BASELINE
BNT162-01	TA	BNT162b1-07-20	BNT162b1 Cohort 07 20 ug	3	VXB1C7P	BNT162b1 cohort 7 prime vaccine	""	If dose-limiting toxicity, go to Follow-up element	TREATMENT
BNT162-01	TA	BNT162b1-07-20	BNT162b1 Cohort 07 20 ug	4	VXB1C7B	BNT162b1 cohort 7 boost vaccine	""	""	TREATMENT
BNT162-01	TA	BNT162b1-07-20	BNT162b1 Cohort 07 20 ug	5	FUP	Follow-up	""	""	FOLLOW-UP
BNT162-01	TA	BNT162b1-06-3	BNT162b1 Cohort 06 3 ug	1	SCRN	Screening	""	""	SCREENING
BNT162-01	TA	BNT162b1-06-3	BNT162b1 Cohort 06 3 ug	2	PREDOSE	Pre-dose assessments	Allocated to BNT162b1-06-3	""	BASELINE
BNT162-01	TA	BNT162b1-06-3	BNT162b1 Cohort 06 3 ug	3	VXB1C6P	BNT162b1 cohort 6 prime vaccine	""	If dose-limiting toxicity, go to Follow-up element	TREATMENT
BNT162-01	TA	BNT162b1-06-3	BNT162b1 Cohort 06 3 ug	4	VXB1C6B	BNT162b1 cohort 6 boost vaccine	""	""	TREATMENT
BNT162-01	TA	BNT162b1-06-3	BNT162b1 Cohort 06 3 ug	5	FUP	Follow-up	""	""	FOLLOW-UP
BNT162-01	TA	BNT162b1-02-30	BNT162b1 Cohort 02 30 ug	1	SCRN	Screening	""	""	SCREENING
BNT162-01	TA	BNT162b1-02-30	BNT162b1 Cohort 02 30 ug	2	PREDOSE	Pre-dose assessments	Allocated to BNT162b1-02-30	""	BASELINE
BNT162-01	TA	BNT162b1-02-30	BNT162b1 Cohort 02 30 ug	3	VXB1C2P	BNT162b1 cohort 2 prime vaccine	""	If dose-limiting toxicity, go to Follow-up element	TREATMENT
BNT162-01	TA	BNT162b1-02-30	BNT162b1 Cohort 02 30 ug	4	VXB1C2B	BNT162b1 cohort 2 boost vaccine	""	""	TREATMENT
BNT162-01	TA	BNT162b1-02-30	BNT162b1 Cohort 02 30 ug	5	FUP	Follow-up	""	""	FOLLOW-UP
BNT162-01	TA	BNT162b1-05-50	BNT162b1 Cohort 05 50 ug	1	SCRN	Screening	""	""	SCREENING
BNT162-01	TA	BNT162b1-05-50	BNT162b1 Cohort 05 50 ug	2	PREDOSE	Pre-dose assessments	Allocated to BNT162b1-05-50	""	BASELINE
BNT162-01	TA	BNT162b1-05-50	BNT162b1 Cohort 05 50 ug	3	VXB1C5P	BNT162b1 cohort 5 prime vaccine	""	If dose-limiting toxicity, go to Follow-up element	TREATMENT
BNT162-01	TA	BNT162b1-05-50	BNT162b1 Cohort 05 50 ug	4	VXB1C5B	BNT162b1 cohort 5 boost vaccine	""	""	TREATMENT
BNT162-01	TA	BNT162b1-05-50	BNT162b1 Cohort 05 50 ug	5	FUP	Follow-up	""	""	FOLLOW-UP
BNT162-01	TA	BNT162b1-04-60	BNT162b1 Cohort 04 60 ug	1	SCRN	Screening	""	""	SCREENING
BNT162-01	TA	BNT162b1-04-60	BNT162b1 Cohort 04 60 ug	2	PREDOSE	Pre-dose assessments	Allocated to BNT162b1-04-60	""	BASELINE
BNT162-01	TA	BNT162b1-04-60	BNT162b1 Cohort 04 60 ug	3	VXB1C4P	BNT162b1 cohort 4 prime vaccine	""	If dose-limiting toxicity, go to Follow-up element	TREATMENT
BNT162-01	TA	BNT162b1-04-60	BNT162b1 Cohort 04 60 ug	4	VXB1C4B	BNT162b1 cohort 4 boost vaccine	""	""	TREATMENT
BNT162-01	TA	BNT162b1-04-60	BNT162b1 Cohort 04 60 ug	5	FUP	Follow-up	""	""	FOLLOW-UP
BNT162-01	TA	BNT162b1-08-10	BNT162b1 Cohort 08 10 ug	1	SCRN	Screening	""	""	SCREENING
BNT162-01	TA	BNT162b1-08-10	BNT162b1 Cohort 08 10 ug	2	PREDOSE	Pre-dose assessments	Allocated to BNT162b1-08-10	""	BASELINE
BNT162-01	TA	BNT162b1-08-10	BNT162b1 Cohort 08 10 ug	3	VXB1C8P	BNT162b1 cohort 8 prime vaccine	""	If dose-limiting toxicity, go to Follow-up element	TREATMENT
BNT162-01	TA	BNT162b1-08-10	BNT162b1 Cohort 08 10 ug	4	VXB1C8B	BNT162b1 cohort 8 boost vaccine	""	""	TREATMENT
BNT162-01	TA	BNT162b1-08-10	BNT162b1 Cohort 08 10 ug	5	FUP	Follow-up	""	""	FOLLOW-UP
BNT162-01	TA	BNT162b1-09-20	BNT162b1 Cohort 09 20 ug	1	SCRN	Screening	""	""	SCREENING
BNT162-01	TA	BNT162b1-09-20	BNT162b1 Cohort 09 20 ug	2	PREDOSE	Pre-dose assessments	Allocated to BNT162b1-09-20	""	BASELINE
BNT162-01	TA	BNT162b1-09-20	BNT162b1 Cohort 09 20 ug	3	VXB1C9P	BNT162b1 cohort 9 prime vaccine	""	If dose-limiting toxicity, go to Follow-up element	TREATMENT
BNT162-01	TA	BNT162b1-09-20	BNT162b1 Cohort 09 20 ug	4	VXB1C9B	BNT162b1 cohort 9 boost vaccine	""	""	TREATMENT
BNT162-01	TA	BNT162b1-09-20	BNT162b1 Cohort 09 20 ug	5	FUP	Follow-up	""	""	FOLLOW-UP
BNT162-01	TA	BNT162b1-10-30	BNT162b1 Cohort 10 30 ug	1	SCRN	Screening	""	""	SCREENING
BNT162-01	TA	BNT162b1-10-30	BNT162b1 Cohort 10 30 ug	2	PREDOSE	Pre-dose assessments	Allocated to BNT162b1-10-30	""	BASELINE
BNT162-01	TA	BNT162b1-10-30	BNT162b1 Cohort 10 30 ug	3	VXB1C10P	BNT162b1 cohort 10 prime vaccine	""	If dose-limiting toxicity, go to Follow-up element	TREATMENT
BNT162-01	TA	BNT162b1-10-30	BNT162b1 Cohort 10 30 ug	4	VXB1C10B	BNT162b1 cohort 10 boost vaccine	""	""	TREATMENT
BNT162-01	TA	BNT162b1-10-30	BNT162b1 Cohort 10 30 ug	5	FUP	Follow-up	""	""	FOLLOW-UP
BNT162-01	TA	BNT162b2-01-10	BNT162b2 Cohort 01 10 ug	1	SCRN	Screening	""	""	SCREENING
BNT162-01	TA	BNT162b2-01-10	BNT162b2 Cohort 01 10 ug	2	PREDOSE	Pre-dose assessments	Allocated to BNT162b2-01-10	""	BASELINE
BNT162-01	TA	BNT162b2-01-10	BNT162b2 Cohort 01 10 ug	3	VXB2C1P	BNT162b2 cohort 1 prime vaccine	""	If dose-limiting toxicity, go to Follow-up element	TREATMENT
BNT162-01	TA	BNT162b2-01-10	BNT162b2 Cohort 01 10 ug	4	VXB2C1B	BNT162b2 cohort 1 boost vaccine	""	""	TREATMENT
BNT162-01	TA	BNT162b2-01-10	BNT162b2 Cohort 01 10 ug	5	FUP	Follow-up	""	""	FOLLOW-UP
BNT162-01	TA	BNT162b2-03-1	BNT162b2 Cohort 03 1 ug	1	SCRN	Screening	""	""	SCREENING
BNT162-01	TA	BNT162b2-03-1	BNT162b2 Cohort 03 1 ug	2	PREDOSE	Pre-dose assessments	Allocated to BNT162b2-03-1	""	BASELINE
BNT162-01	TA	BNT162b2-03-1	BNT162b2 Cohort 03 1 ug	3	VXB2C3P	BNT162b2 cohort 3 prime vaccine	""	If dose-limiting toxicity, go to Follow-up element	TREATMENT
BNT162-01	TA	BNT162b2-03-1	BNT162b2 Cohort 03 1 ug	4	VXB2C3B	BNT162b2 cohort 3 boost vaccine	""	""	TREATMENT
BNT162-01	TA	BNT162b2-03-1	BNT162b2 Cohort 03 1 ug	5	FUP	Follow-up	""	""	FOLLOW-UP
BNT162-01	TA	BNT162b2-05-20	BNT162b2 Cohort 05 20 ug	1	SCRN	Screening	""	""	SCREENING
BNT162-01	TA	BNT162b2-05-20	BNT162b2 Cohort 05 20 ug	2	PREDOSE	Pre-dose assessments	Allocated to BNT162b2-05-20	""	BASELINE
BNT162-01	TA	BNT162b2-05-20	BNT162b2 Cohort 05 20 ug	3	VXB2C5P	BNT162b2 cohort 5 prime vaccine	""	If dose-limiting toxicity, go to Follow-up element	TREATMENT
BNT162-01	TA	BNT162b2-05-20	BNT162b2 Cohort 05 20 ug	4	VXB2C5B	BNT162b2 cohort 5 boost vaccine	""	""	TREATMENT
BNT162-01	TA	BNT162b2-05-20	BNT162b2 Cohort 05 20 ug	5	FUP	Follow-up	""	""	FOLLOW-UP
BNT162-01	TA	BNT162b2-06-3	BNT162b2 Cohort 06 3 ug	1	SCRN	Screening	""	""	SCREENING
BNT162-01	TA	BNT162b2-06-3	BNT162b2 Cohort 06 3 ug	2	PREDOSE	Pre-dose assessments	Allocated to BNT162b2-06-3	""	BASELINE
BNT162-01	TA	BNT162b2-06-3	BNT162b2 Cohort 06 3 ug	3	VXB2C6P	BNT162b2 cohort 6 prime vaccine	""	If dose-limiting toxicity, go to Follow-up element	TREATMENT
BNT162-01	TA	BNT162b2-06-3	BNT162b2 Cohort 06 3 ug	4	VXB2C6B	BNT162b2 cohort 6 boost vaccine	""	""	TREATMENT
BNT162-01	TA	BNT162b2-06-3	BNT162b2 Cohort 06 3 ug	5	FUP	Follow-up	""	""	FOLLOW-UP
BNT162-01	TA	BNT162b2-02-30	BNT162b2 Cohort 02 30 ug	1	SCRN	Screening	""	""	SCREENING
BNT162-01	TA	BNT162b2-02-30	BNT162b2 Cohort 02 30 ug	2	PREDOSE	Pre-dose assessments	Allocated to BNT162b2-02-30	""	BASELINE
BNT162-01	TA	BNT162b2-02-30	BNT162b2 Cohort 02 30 ug	3	VXB2C2P	BNT162b2 cohort 2 prime vaccine	""	If dose-limiting toxicity, go to Follow-up element	TREATMENT
BNT162-01	TA	BNT162b2-02-30	BNT162b2 Cohort 02 30 ug	4	VXB2C2B	BNT162b2 cohort 2 boost vaccine	""	""	TREATMENT
BNT162-01	TA	BNT162b2-02-30	BNT162b2 Cohort 02 30 ug	5	FUP	Follow-up	""	""	FOLLOW-UP
BNT162-01	TA	BNT162b2-08-10	BNT162b2 Cohort 08 10 ug	1	SCRN	Screening	""	""	SCREENING
BNT162-01	TA	BNT162b2-08-10	BNT162b2 Cohort 08 10 ug	2	PREDOSE	Pre-dose assessments	Allocated to BNT162b2-08-10	""	BASELINE
BNT162-01	TA	BNT162b2-08-10	BNT162b2 Cohort 08 10 ug	3	VXB2C8P	BNT162b2 cohort 8 prime vaccine	""	If dose-limiting toxicity, go to Follow-up element	TREATMENT
BNT162-01	TA	BNT162b2-08-10	BNT162b2 Cohort 08 10 ug	4	VXB2C8B	BNT162b2 cohort 8 boost vaccine	""	""	TREATMENT
BNT162-01	TA	BNT162b2-08-10	BNT162b2 Cohort 08 10 ug	5	FUP	Follow-up	""	""	FOLLOW-UP
BNT162-01	TA	BNT162b2-09-20	BNT162b2 Cohort 09 20 ug	1	SCRN	Screening	""	""	SCREENING
BNT162-01	TA	BNT162b2-09-20	BNT162b2 Cohort 09 20 ug	2	PREDOSE	Pre-dose assessments	Allocated to BNT162b2-09-20	""	BASELINE
BNT162-01	TA	BNT162b2-09-20	BNT162b2 Cohort 09 20 ug	3	VXB2C9P	BNT162b2 cohort 9 prime vaccine	""	If dose-limiting toxicity, go to Follow-up element	TREATMENT
BNT162-01	TA	BNT162b2-09-20	BNT162b2 Cohort 09 20 ug	4	VXB2C9B	BNT162b2 cohort 9 boost vaccine	""	""	TREATMENT
BNT162-01	TA	BNT162b2-09-20	BNT162b2 Cohort 09 20 ug	5	FUP	Follow-up	""	""	FOLLOW-UP
BNT162-01	TA	BNT162b2-10-30	BNT162b2 Cohort 10 30 ug	1	SCRN	Screening	""	""	SCREENING
BNT162-01	TA	BNT162b2-10-30	BNT162b2 Cohort 10 30 ug	2	PREDOSE	Pre-dose assessments	Allocated to BNT162b2-10-30	""	BASELINE
BNT162-01	TA	BNT162b2-10-30	BNT162b2 Cohort 10 30 ug	3	VXB2C10P	BNT162b2 cohort 10 prime vaccine	""	If dose-limiting toxicity, go to Follow-up element	TREATMENT
BNT162-01	TA	BNT162b2-10-30	BNT162b2 Cohort 10 30 ug	4	VXB2C10B	BNT162b2 cohort 10 boost vaccine	""	""	TREATMENT
BNT162-01	TA	BNT162b2-10-30	BNT162b2 Cohort 10 30 ug	5	FUP	Follow-up	""	""	FOLLOW-UP
