STUDYID	DOMAIN	USUBJID	DVSEQ	DVREFID	DVTERM	DVDECOD	EPOCH	DVSTDTC	DVSTDY
BNT162-01	DV	BNT162-01-276-01-0001	1	Visit 0, Blood Samples for Safety Lab	FSH Level was not determined.	Laboratory Data, ECG Data, Pregnancy Data	SCREENING	2020-04-22	-2
BNT162-01	DV	BNT162-01-276-01-0003	1	Visit 0, Blood Samples for Safety Lab	FSH Level was not determined.	Laboratory Data, ECG Data, Pregnancy Data	SCREENING	2020-04-22	-6
BNT162-01	DV	BNT162-01-276-01-0005	1	Visit 0, Blood Samples for Safety Lab	FSH Level was not determined.	Laboratory Data, ECG Data, Pregnancy Data	SCREENING	2020-04-22	-2
BNT162-01	DV	BNT162-01-276-01-0007	1	Visit 5	Visit 5 was postponed	Visit Schedule Compliance	TREATMENT	2020-05-25	33
BNT162-01	DV	BNT162-01-276-01-0008	1	Visit 0, Blood Samples for Safety Lab	FSH Level was not determined.	Laboratory Data, ECG Data, Pregnancy Data	SCREENING	2020-04-22	-6
BNT162-01	DV	BNT162-01-276-01-0008	2	Visit 1, Body Temperature, predose	The measurement was not performed in the scheduled time frame.	Visit Schedule Compliance	BASELINE	2020-04-28	1
BNT162-01	DV	BNT162-01-276-01-0008	3	Visit 1, Vital Signs, predose	The measurement was not performed in the scheduled time frame.	Visit Schedule Compliance	BASELINE	2020-04-28	1
BNT162-01	DV	BNT162-01-276-01-0008	4	Visit 1, 12-lead ECG	The measurement was not performed in the scheduled time frame.	Visit Schedule Compliance	BASELINE	2020-04-28	1
BNT162-01	DV	BNT162-01-276-01-0015	1	Phone Call at 48h, Phone Call	Phone call was not performed	Visit Schedule Compliance	TREATMENT	2020-05-01	3
BNT162-01	DV	BNT162-01-276-01-0015	2	Visit 1, 12-lead ECG	The measurement was not performed in the scheduled time Frame	Visit Schedule Compliance	BASELINE	2020-04-29	1
BNT162-01	DV	BNT162-01-276-01-0015	3	Visit 1, Body Temperature, predose	The measurement was not performed in the scheduled time frame	Visit Schedule Compliance	BASELINE	2020-04-29	1
BNT162-01	DV	BNT162-01-276-01-0015	4	Visit 1, Vital Signs, predose	The measurement was not performed in the scheduled time frame	Visit Schedule Compliance	BASELINE	2020-04-29	1
BNT162-01	DV	BNT162-01-276-01-0015	5	Visit 1, Urine Pregnancy Test	Urine pregnancy testing performed	Laboratory Data, ECG Data, Pregnancy Data	BASELINE	2020-04-29	1
BNT162-01	DV	BNT162-01-276-01-0016	1	Visit 1, Local Tolerability at Injection Site, 06 h a.v.	Assessment of local reaction at injection site was performed 4 min later than the allowed time window	Visit Schedule Compliance	BASELINE	2020-04-29	1
BNT162-01	DV	BNT162-01-276-01-0016	2	Visit 0, Blood Samples for Safety Lab	FSH Level was not determined.	Laboratory Data, ECG Data, Pregnancy Data	SCREENING	2020-04-23	-6
BNT162-01	DV	BNT162-01-276-01-0016	3	Visit 1, predose	Measurements (Body Temperature, Vital Signs, ECG) not prior to Allocation	Visit Schedule Compliance	BASELINE	2020-04-29	1
BNT162-01	DV	BNT162-01-276-01-0017	1	Visit 0, Blood Samples for Safety Lab	FSH Level was not determined.	Laboratory Data, ECG Data, Pregnancy Data	SCREENING	2020-04-23	-5
BNT162-01	DV	BNT162-01-276-01-0017	2	Visit 1, predose	Measurements (Vital Signs, ECG) not prior to Allocation	Visit Schedule Compliance	BASELINE	2020-04-28	1
BNT162-01	DV	BNT162-01-276-01-0017	3	Visit 1, Body Temperature, predose	The measurement was not performed in the scheduled time frame.	Visit Schedule Compliance	BASELINE	2020-04-28	1
BNT162-01	DV	BNT162-01-276-01-0018	1	Visit 0, Blood Samples for Safety Lab	FSH was not determined.	Laboratory Data, ECG Data, Pregnancy Data	SCREENING	2020-04-23	-6
BNT162-01	DV	BNT162-01-276-01-0018	2	Visit 1, predose	Measurements (Vital Signs, ECG) not prior to Allocation	Visit Schedule Compliance	BASELINE	2020-04-29	1
BNT162-01	DV	BNT162-01-276-01-0018	3	Phone Call at 48h, Phone Call	Phone call was not performed	Visit Schedule Compliance	TREATMENT	2020-05-01	3
BNT162-01	DV	BNT162-01-276-01-0018	4	Visit 1, Body Temperature, predose	The measurement was not performed in the scheduled time frame.	Visit Schedule Compliance	BASELINE	2020-04-29	1
BNT162-01	DV	BNT162-01-276-01-0019	1	Visit 1, predose	Measurements (Vital Signs, ECG) not prior to Allocation	Visit Schedule Compliance	BASELINE	2020-04-28	1
BNT162-01	DV	BNT162-01-276-01-0019	2	Visit 1, Body Temperature, predose	The measurement was not performed in the scheduled time frame.	Visit Schedule Compliance	BASELINE	2020-04-28	1
BNT162-01	DV	BNT162-01-276-01-0020	1	Visit 0, Blood Samples for Safety Lab	FSH Level was not determined.	Laboratory Data, ECG Data, Pregnancy Data	SCREENING	2020-04-24	-5
BNT162-01	DV	BNT162-01-276-01-0020	2	Visit 1, predose	Measurements (Vital Signs, ECG) not prior to Allocation	Visit Schedule Compliance	BASELINE	2020-04-29	1
BNT162-01	DV	BNT162-01-276-01-0020	3	Visit 1, Body Temperature, predose	The measurement was not performed in the scheduled timeframe.	Visit Schedule Compliance	BASELINE	2020-04-29	1
BNT162-01	DV	BNT162-01-276-01-0023	1	Phone Call at 48h, Phone Call	Phone call was not performed	Visit Schedule Compliance	TREATMENT	2020-05-07	3
BNT162-01	DV	BNT162-01-276-01-0025	1	Visit 1, Physical Examination	Measurement not prior to Allocation	Visit Schedule Compliance	BASELINE	2020-05-05	1
BNT162-01	DV	BNT162-01-276-01-0025	2	Phone Call at 48h, Phone Call	Phone call was not performed	Visit Schedule Compliance	TREATMENT	2020-05-07	3
BNT162-01	DV	BNT162-01-276-01-0031	1	Visit 2	The measurements were not performed in the scheduled timeframe	Visit Schedule Compliance	TREATMENT	2020-05-08	2
BNT162-01	DV	BNT162-01-276-01-0033	1	Phone Call at 48h, Phone Call	Phone call was not performed	Visit Schedule Compliance	TREATMENT	2020-05-07	3
BNT162-01	DV	BNT162-01-276-01-0033	2	Visit 4, Body Temperature, 1h, 3h, 6h after vaccination	The measurements were not performed in the scheduled timeframe.	Visit Schedule Compliance	TREATMENT	2020-05-26	22
BNT162-01	DV	BNT162-01-276-01-0033	3	Visit 4, Vital Signs, 1h, 3h, 6h after vaccination	The measurements were not performed in the scheduled timeframe.	Visit Schedule Compliance	TREATMENT	2020-05-26	22
BNT162-01	DV	BNT162-01-276-01-0033	4	Visit 4, Local Tolerability at Injection Site, 1h, 3h, 6h after vaccination	The measurements were not performed in the scheduled timeframe.	Visit Schedule Compliance	TREATMENT	2020-05-26	22
BNT162-01	DV	BNT162-01-276-01-0036	1	Visit 5	Diary entries for Day 04.06.2020 for Local and Systemic Reactions are not available.	Other	TREATMENT	2020-06-04	28
BNT162-01	DV	BNT162-01-276-01-0040	1	Visit 5	Diary entries for Day 04.06.2020 for Local and Systemic Reactions are not available.	Other	TREATMENT	2020-06-04	28
BNT162-01	DV	BNT162-01-276-01-0041	1	Visit 5	Diary Entries for Day 04.06.2020 for Local and Systemic Reactions are not available	Other	TREATMENT	2020-06-04	28
BNT162-01	DV	BNT162-01-276-01-0041	2	Visit 0, Blood Samples for Safety Lab	FSH Level was not determined.	Laboratory Data, ECG Data, Pregnancy Data	SCREENING	2020-04-28	-10
BNT162-01	DV	BNT162-01-276-01-0042	1	Visit 5	Diary entries for Day 04.06.2020 for Local and Systemic Reactions are not available.	Other	TREATMENT	2020-06-04	28
BNT162-01	DV	BNT162-01-276-01-0043	1	Visit 5	Diary entries for Day 03.06.2020 for Local and Systemic Reactions are not available.	Other	TREATMENT	2020-06-03	28
BNT162-01	DV	BNT162-01-276-01-0043	2	Visit 0, Blood Samples for Safety Lab	FSH Level was not determined.	Laboratory Data, ECG Data, Pregnancy Data	SCREENING	2020-04-28	-9
BNT162-01	DV	BNT162-01-276-01-0043	3	Visit 4, Vital Signs, 1h, 3h and 6h after	The measurements were not performed in the scheduled timeframe	Visit Schedule Compliance	TREATMENT	2020-05-28	22
BNT162-01	DV	BNT162-01-276-01-0043	4	Visit 4, Body Temperature, 1h, 3h and 6h after	The measurements were not performed in the scheduled timeframe	Visit Schedule Compliance	TREATMENT	2020-05-28	22
BNT162-01	DV	BNT162-01-276-01-0043	5	Visit 4, Local Tolerability at Injection Site, 1h, 3h and 6h after	The measurements were not performed in the scheduled timeframe	Visit Schedule Compliance	TREATMENT	2020-05-28	22
BNT162-01	DV	BNT162-01-276-01-0043	6	Visit 4, Urine Pregnancy Test	Urine Pregnancy Test Performed	Laboratory Data, ECG Data, Pregnancy Data	TREATMENT	2020-05-28	22
BNT162-01	DV	BNT162-01-276-01-0045	1	Visit 5	Diary entries for Day 02.06.2020 for Local and Systemic Reactions are not available.	Other	TREATMENT	2020-06-02	29
BNT162-01	DV	BNT162-01-276-01-0045	2	Visit 0, Blood Samples for Safety Lab	FSH Level was not determined.	Laboratory Data, ECG Data, Pregnancy Data	SCREENING	2020-04-28	-7
BNT162-01	DV	BNT162-01-276-01-0045	3	Phone Call at 48h, Phone Call	Phone call was not performed	Visit Schedule Compliance	TREATMENT	2020-05-07	3
BNT162-01	DV	BNT162-01-276-01-0045	4	Visit 4, Body Temperature, 1h, 3h, 6h after vaccination	The measurements were not performed in the scheduled timeframe	Visit Schedule Compliance	TREATMENT	2020-05-26	22
BNT162-01	DV	BNT162-01-276-01-0045	5	Visit 4, Vital Signs, 1h, 3h, 6h after vaccination	The measurements were not performed in the scheduled timeframe	Visit Schedule Compliance	TREATMENT	2020-05-26	22
BNT162-01	DV	BNT162-01-276-01-0045	6	Visit 4, Local Tolerability at Injection Site, 1h, 3h, 6h after vaccination	The measurements were not performed in the scheduled timeframe	Visit Schedule Compliance	TREATMENT	2020-05-26	22
BNT162-01	DV	BNT162-01-276-01-0048	1	Visit 5	Diary entries for Day 04.06.2020 for Local and Systemic Reactions are not available.	Other	TREATMENT	2020-06-04	28
BNT162-01	DV	BNT162-01-276-01-0048	2	Visit 7 (a1, b1, b2, c2P/B) (EoT)	Visit 7 not performed	Visit Schedule Compliance	TREATMENT	2020-06-25	49
BNT162-01	DV	BNT162-01-276-01-0050	1	Visit 0, Blood Samples for Safety Lab	FSH Level was not determined.	Laboratory Data, ECG Data, Pregnancy Data	SCREENING	2020-05-05	-10
BNT162-01	DV	BNT162-01-276-01-0052	1	Visit 5	Diary entries for Day 03.06.2020 for Local and Systemic Reactions are not available.	Other	TREATMENT	2020-06-03	27
BNT162-01	DV	BNT162-01-276-01-0052	2	Visit 5	Diary entries for Day 04.06.2020 for Local and Systemic Reactions are not available.	Other	TREATMENT	2020-06-04	28
BNT162-01	DV	BNT162-01-276-01-0055	1	Visit 5	Diary entries for Day 09.06.2020 for Local and Systemic Reactions are not available.	Other	TREATMENT	2020-06-09	28
BNT162-01	DV	BNT162-01-276-01-0055	2	Visit 0, Blood Samples for Safety Lab	FSH Level was not determined.	Laboratory Data, ECG Data, Pregnancy Data	SCREENING	2020-05-07	-6
BNT162-01	DV	BNT162-01-276-01-0055	3	Visit 0, Urine Pregnancy Test	Urine Pregnancy Testing Performed	Laboratory Data, ECG Data, Pregnancy Data	SCREENING	2020-05-07	-6
BNT162-01	DV	BNT162-01-276-01-0056	1	Visit 1, Local Tolerability at Injection Site, 6 h.a.v.	Assessment of local reaction at injection site was performed 7 min later than the allowed time window	Visit Schedule Compliance	BASELINE	2020-05-13	1
BNT162-01	DV	BNT162-01-276-01-0056	2	Visit 5	Diary entries for Day 09.06.2020 for Local and Systemic Reactions are not available.	Other	TREATMENT	2020-06-09	28
BNT162-01	DV	BNT162-01-276-01-0056	3	Visit 0, Blood Samples for Safety Lab	FSH Level was not determined.	Laboratory Data, ECG Data, Pregnancy Data	SCREENING	2020-05-07	-6
BNT162-01	DV	BNT162-01-276-01-0056	4	Phone Call at 48h	The planned activities were not performed in the scheduled timeframe	Visit Schedule Compliance	TREATMENT	2020-05-15	3
BNT162-01	DV	BNT162-01-276-01-0059	1	Visit 5	Diary entries for Day 09.06.2020 for Local and Systemic Reactions are not available.	Other	TREATMENT	2020-06-09	28
BNT162-01	DV	BNT162-01-276-01-0059	2	Visit 0, Blood Samples for Safety Lab	FSH Level was not determined	Laboratory Data, ECG Data, Pregnancy Data	SCREENING	2020-05-07	-6
BNT162-01	DV	BNT162-01-276-01-0059	3	Phone Call at 48h	The planned activities were not performed in the scheduled timeframe	Visit Schedule Compliance	TREATMENT	2020-05-15	3
BNT162-01	DV	BNT162-01-276-01-0060	1	Visit 5	Diary entries for Day 09.06.2020 for Local and Systemic Reactions are not available.	Other	TREATMENT	2020-06-09	28
BNT162-01	DV	BNT162-01-276-01-0060	2	Unrelated Forms, Prior/Concomitant Medication/Therapy	Subject takes Novaminsulfon (oral, 1x1tbl. 500 mg)	Treatment Compliance	TREATMENT	2020-05-14	2
BNT162-01	DV	BNT162-01-276-01-0060	3	Phone Call at 48h	The planned activities were not performed in the scheduled timeframe	Visit Schedule Compliance	TREATMENT	2020-05-15	3
BNT162-01	DV	BNT162-01-276-01-0068	1	Visit 0, Blood Samples for Safety Lab	FSH Level was not determined.	Laboratory Data, ECG Data, Pregnancy Data	SCREENING	2020-05-08	-7
BNT162-01	DV	BNT162-01-276-01-0073	1	Visit 0, Blood Samples for Safety Lab	FSH Level was not determined.	Laboratory Data, ECG Data, Pregnancy Data	SCREENING	2020-05-11	-4
BNT162-01	DV	BNT162-01-276-01-0075	1	Visit 0, Blood Samples for Safety Lab	FSH Level was not determined.	Laboratory Data, ECG Data, Pregnancy Data	SCREENING	2020-05-11	-11
BNT162-01	DV	BNT162-01-276-01-0076	1	Visit 0, Blood Samples for Safety Lab	FSL level was not determined.	Laboratory Data, ECG Data, Pregnancy Data	SCREENING	2020-05-11	-11
BNT162-01	DV	BNT162-01-276-01-0083	1	Visit 0, Blood Samples for Safety Lab	FSH level was not determined.	Laboratory Data, ECG Data, Pregnancy Data	SCREENING	2020-05-12	-8
BNT162-01	DV	BNT162-01-276-01-0089	1	Visit 0, Blood Samples for Safety Lab	FSH Level was not determined.	Laboratory Data, ECG Data, Pregnancy Data	SCREENING	2020-05-12	-8
BNT162-01	DV	BNT162-01-276-01-0103	1	Visit 0, Blood Samples for Safety Lab	FSH Level was not determined.	Laboratory Data, ECG Data, Pregnancy Data	SCREENING	2020-05-14	-8
BNT162-01	DV	BNT162-01-276-01-0104	1	Phone Call at 48h	The planned activities were not performed in the scheduled timeframe	Visit Schedule Compliance	TREATMENT	2020-05-22	3
BNT162-01	DV	BNT162-01-276-01-0151	1	Visit 1, predose	Measurements (Body temp./Vital signs/ECG) not prior to Allocation	Visit Schedule Compliance	BASELINE	2020-07-16	1
BNT162-01	DV	BNT162-01-276-01-0151	2	Phone Call at 48h, Phone Call	Phone call was not performed	Visit Schedule Compliance	TREATMENT	2020-07-18	3
BNT162-01	DV	BNT162-01-276-01-0151	3	Unscheduled Forms, Informed Consent	Time field for ICF  Version 6.0, dated on 26 JUN 2020 left blank by mistake. Therefore MEMO 03 Missing time ICF Version 6.0 was written.	Other	BASELINE	2020-07-16	1
BNT162-01	DV	BNT162-01-276-01-0170	1	Visit 3	Vital Signs and Body Temperature measurements performed, but values not documented	Other	TREATMENT	2020-08-07	8
BNT162-01	DV	BNT162-01-276-01-0171	1	Visit 1, predose	Measurements (Body temp./Vital signs/ECG) not prior to Allocation	Visit Schedule Compliance	BASELINE	2020-07-16	1
BNT162-01	DV	BNT162-01-276-01-0171	2	Phone Call at 48h, Phone Call	Phone call was not performed	Visit Schedule Compliance	TREATMENT	2020-07-18	3
BNT162-01	DV	BNT162-01-276-01-0171	3	Unscheduled Forms, Informed Consent	Time field for ICF  Version 6.0, dated on 26 JUN 2020 left blank by mistake. Therefore MEMO 03 Missing time ICF Version 6.0 was written.	Other	BASELINE	2020-07-16	1
BNT162-01	DV	BNT162-01-276-01-0172	1	Visit 1, predose	Measurements (Body temp./Vital signs/ECG) not prior to Allocation	Visit Schedule Compliance	BASELINE	2020-07-16	1
BNT162-01	DV	BNT162-01-276-01-0172	2	Phone Call at 48h, Phone Call	Phone call was not performed	Visit Schedule Compliance	TREATMENT	2020-07-18	3
BNT162-01	DV	BNT162-01-276-01-0172	3	Unscheduled Forms, Informed Consent	Time field for ICF  Version 6.0, dated on 26 JUN 2020 left blank by mistake. Therefore MEMO 03 Missing time ICF Version 6.0 was written.	Other	BASELINE	2020-07-16	1
BNT162-01	DV	BNT162-01-276-01-0173	1	Visit 1, predose	Measurements (Body temp./Vital signs/ECG) not prior to Allocation	Visit Schedule Compliance	BASELINE	2020-07-16	1
BNT162-01	DV	BNT162-01-276-01-0173	2	Phone Call at 48h, Phone Call	Phone call was not performed	Visit Schedule Compliance	TREATMENT	2020-07-18	3
BNT162-01	DV	BNT162-01-276-01-0173	3	Unscheduled Forms, Informed Consent	Time field for ICF  Version 6.0, dated on 26 JUN 2020 left blank by mistake. Therefore MEMO 03 Missing time ICF Version 6.0 was written.	Other	BASELINE	2020-07-16	1
BNT162-01	DV	BNT162-01-276-01-0175	1	Visit 1, predose	Measurements (Body temp./Vital signs/ECG) not prior to Allocation	Visit Schedule Compliance	BASELINE	2020-07-16	1
BNT162-01	DV	BNT162-01-276-01-0175	2	Phone Call at 48h, Phone Call	Phone call was not performed	Visit Schedule Compliance	TREATMENT	2020-07-18	3
BNT162-01	DV	BNT162-01-276-01-0175	3	Unscheduled Forms, Informed Consent	Time field for ICF  Version 6.0, dated on 26 JUN 2020 left blank by mistake. Therefore MEMO 03 Missing time ICF Version 6.0 was written.	Other	BASELINE	2020-07-16	1
BNT162-01	DV	BNT162-01-276-01-0176	1	Visit 1, predose	Measurements (Body temp./Vital signs/ECG) not prior to Allocation	Visit Schedule Compliance	BASELINE	2020-07-16	1
BNT162-01	DV	BNT162-01-276-01-0176	2	Phone Call at 48h, Phone Call	Phone call was not performed	Visit Schedule Compliance	TREATMENT	2020-07-18	3
BNT162-01	DV	BNT162-01-276-01-0176	3	Unscheduled Forms, Informed Consent	Time field for ICF  Version 6.0, dated on 26 JUN 2020 left blank by mistake. Therefore MEMO 03 Missing time ICF Version 6.0 was written.	Other	BASELINE	2020-07-16	1
BNT162-01	DV	BNT162-01-276-01-0178	1	Visit 1, predose	Measurements (Body temp./Vital signs/ECG) not prior to Allocation	Visit Schedule Compliance	BASELINE	2020-07-16	1
BNT162-01	DV	BNT162-01-276-01-0178	2	Unscheduled Forms, Informed Consent	Time field for ICF  Version 6.0, dated on 26 JUN 2020 left blank by mistake. Therefore MEMO 03 Missing time ICF Version 6.0 was written.	Other	BASELINE	2020-07-16	1
BNT162-01	DV	BNT162-01-276-01-0179	1	Visit 1, predose	Measurements (Body temp./Vital signs/ECG) not prior to Allocation	Visit Schedule Compliance	BASELINE	2020-07-16	1
BNT162-01	DV	BNT162-01-276-01-0179	2	Unscheduled Forms, Informed Consent	Time field for ICF  Version 6.0, dated on 26 JUN 2020 left blank by mistake. Therefore MEMO 03 Missing time ICF Version 6.0 was written.	Other	BASELINE	2020-07-16	1
BNT162-01	DV	BNT162-01-276-01-0181	1	Visit 5, Diary - Local Reactions	Diary pages not returned and reviewed	Visit Schedule Compliance	TREATMENT	2020-08-13	29
BNT162-01	DV	BNT162-01-276-01-0181	2	Visit 1, predose	Measurements (Body temp./Vital signs/ECG) not prior to Allocation	Visit Schedule Compliance	BASELINE	2020-07-16	1
BNT162-01	DV	BNT162-01-276-01-0181	3	Visit 5	Physical examination, assessment of local and systemic reactions not done	Visit Schedule Compliance	TREATMENT	2020-08-13	29
BNT162-01	DV	BNT162-01-276-01-0181	4	Visit 8 (c2) (FU) / Visit 9 (a1, b1, b2) (FU)	The visit was performed outside study scheme	Visit Schedule Compliance	FOLLOW-UP	2020-10-14	91
BNT162-01	DV	BNT162-01-276-01-0181	5	Unscheduled Forms, Informed Consent	Time field for ICF  Version 6.0, dated on 26 JUN 2020 left blank by mistake. Therefore MEMO 03 Missing time ICF Version 6.0 was written.	Other	BASELINE	2020-07-16	1
BNT162-01	DV	BNT162-01-276-01-0182	1	Unscheduled Forms, Informed Consent	Time field for ICF  Version 6.0, dated on 26 JUN 2020 left blank by mistake. Therefore MEMO 03 Missing time ICF Version 6.0 was written.	Other	BASELINE	2020-07-16	1
BNT162-01	DV	BNT162-01-276-01-0183	1	Unscheduled Forms, Informed Consent	Time field for ICF  Version 6.0, dated on 26 JUN 2020 left blank by mistake. Therefore MEMO 03 Missing time ICF Version 6.0 was written.	Other	BASELINE	2020-07-16	1
BNT162-01	DV	BNT162-01-276-01-0183	2	Visit 0, Urine Pregnancy Test	urine pregnancy testing performed	Laboratory Data, ECG Data, Pregnancy Data	SCREENING	2020-07-09	-7
BNT162-01	DV	BNT162-01-276-01-0183	3	Visit 4, Urine Pregnancy Test	urine pregnancy testing performed	Laboratory Data, ECG Data, Pregnancy Data	TREATMENT	2020-08-06	22
BNT162-01	DV	BNT162-01-276-01-0194	1	Visit 0, Blood Samples for Safety Lab	FSH Level was determined	Laboratory Data, ECG Data, Pregnancy Data	SCREENING	2020-07-13	-9
BNT162-01	DV	BNT162-01-276-01-0194	2	Phone Call at 48h, Phone Call	Phone call was not performed	Visit Schedule Compliance	TREATMENT	2020-07-24	3
BNT162-01	DV	BNT162-01-276-01-0194	3	Visit 5, Diary - Local Reactions	diary entries for local reactions are entered for only 5 consecutive days after V4 (day 23-27)	Treatment Compliance	TREATMENT	2020-08-18	28
BNT162-01	DV	BNT162-01-276-01-0194	4	Visit 5, Diary - Systemic Reactions	diary entries for local reactions are entered for only 5 consecutive days after V4 (day 23-27)	Treatment Compliance	TREATMENT	2020-08-18	28
BNT162-01	DV	BNT162-01-276-01-0198	1	Visit 0, Blood Samples for Safety Lab	FSH Level was determined	Laboratory Data, ECG Data, Pregnancy Data	SCREENING	2020-07-15	-7
BNT162-01	DV	BNT162-01-276-01-0198	2	Phone Call at 48h, Phone Call	Phone call was not performed	Visit Schedule Compliance	TREATMENT	2020-07-24	3
BNT162-01	DV	BNT162-01-276-01-0200	1	Phone Call at 48h, Phone Call	Phone call was not performed	Visit Schedule Compliance	TREATMENT	2020-07-24	3
BNT162-01	DV	BNT162-01-276-01-0200	2	Visit 5, Diary - Local Reactions	diary entries for local and systemic reactions are entered for only 5 consecutive days after V4 (day 23-27)	Treatment Compliance	TREATMENT	2020-08-18	28
BNT162-01	DV	BNT162-01-276-01-0200	3	Visit 5, Diary - Systemic Reactions	diary entries for local and systemic reactions are entered for only 5 consecutive days after V4 (day 23-27)	Treatment Compliance	TREATMENT	2020-08-18	28
BNT162-01	DV	BNT162-01-276-01-0204	1	Phone Call at 48h, Phone Call	Phone call was not performed	Visit Schedule Compliance	TREATMENT	2020-07-24	3
BNT162-01	DV	BNT162-01-276-01-0204	2	Visit 5, Diary - Local Reactions	diary entries for local and systemic reactions are entered for only 5 consecutive days after V4 (day 23-27)	Treatment Compliance	TREATMENT	2020-08-18	28
BNT162-01	DV	BNT162-01-276-01-0204	3	Visit 5, Diary - Systemic Reactions	diary entries for local and systemic reactions are entered for only 5 consecutive days after V4 (day 23-27)	Treatment Compliance	TREATMENT	2020-08-18	28
BNT162-01	DV	BNT162-01-276-01-0209	1	Phone Call at 48h, Phone Call	Phone call was not performed	Visit Schedule Compliance	TREATMENT	2020-07-24	3
BNT162-01	DV	BNT162-01-276-01-0209	2	Visit 5, Diary - Local Reactions	diary entries for local and systemic reactions are entered for only 5 consecutive days after V4 (day 23-27)	Treatment Compliance	TREATMENT	2020-08-18	28
BNT162-01	DV	BNT162-01-276-01-0209	3	Visit 5, Diary - Systemic Reactions	diary entries for local and systemic reactions are entered for only 5 consecutive days after V4 (day 23-27)	Treatment Compliance	TREATMENT	2020-08-18	28
BNT162-01	DV	BNT162-01-276-01-0209	4	Visit 0, Urine Pregnancy Test	urine pregnancy testing performed	Laboratory Data, ECG Data, Pregnancy Data	SCREENING	2020-07-17	-5
BNT162-01	DV	BNT162-01-276-01-0212	1	Phone Call at 48h, Phone Call	Phone call was not performed	Visit Schedule Compliance	TREATMENT	2020-07-24	3
BNT162-01	DV	BNT162-01-276-01-0212	2	Visit 5, Diary - Local Reactions	diary entries for local and systemic reactions are entered for only 5 consecutive days after V4 (day 23-27)	Treatment Compliance	TREATMENT	2020-08-18	28
BNT162-01	DV	BNT162-01-276-01-0212	3	Visit 5, Diary - Systemic Reactions	diary entries for local and systemic reactions are entered for only 5 consecutive days after V4 (day 23-27)	Treatment Compliance	TREATMENT	2020-08-18	28
BNT162-01	DV	BNT162-01-276-01-0221	1	Visit 4, Body Temperature, 3 h a.v.	Body temperature time is not correct entered, time is unknown	Visit Schedule Compliance	TREATMENT	2020-08-21	22
BNT162-01	DV	BNT162-01-276-01-0261	1	Visit 1, Administration	Dose was given in two parts	Treatment Compliance	BASELINE	2020-08-14	1
BNT162-01	DV	BNT162-01-276-01-0261	2	Phone Call at 48h (a1, b1, b2, c2P/B), Phone Call	Phone call was not performed in the scheduled time frame	Visit Schedule Compliance	TREATMENT	2020-09-07	25
BNT162-01	DV	BNT162-01-276-01-0263	1	Visit 1, Administration	predefined timeframe of 30 minutes between the vaccination of subjects was not adhered.	Treatment Compliance	BASELINE	2020-08-14	1
BNT162-01	DV	BNT162-01-276-01-0263	2	Visit 2, Urine Sampling for Urinalysis	urine sample was given outside the scheduled time frame of +/-2 h of vaccination	Visit Schedule Compliance	TREATMENT	2020-08-15	2
BNT162-01	DV	BNT162-01-276-01-0265	1	Visit 4, Local Tolerability at Injection Site, 1 h a.v.	Check was performed too late	Visit Schedule Compliance	TREATMENT	2020-09-08	22
BNT162-01	DV	BNT162-01-276-01-0265	2	Visit 4, Systemic Events Assessment, 1 h a.v.	Check was performed too late	Visit Schedule Compliance	TREATMENT	2020-09-08	22
BNT162-01	DV	BNT162-01-276-01-0265	3	Visit 4, Vital Signs, 1 h a.v.	Vital signs and body temperature were performed outside the allowed time window of +/-15 min	Visit Schedule Compliance	TREATMENT	2020-09-08	22
BNT162-01	DV	BNT162-01-276-01-0267	1	Visit 4, Body Temperature, 3 h a.v.	Body temperature was performed outside the allowed time window of +/-15 min	Visit Schedule Compliance	TREATMENT	2020-09-08	22
BNT162-01	DV	BNT162-01-276-01-0267	2	Visit 4, Body Temperature, 6 h a.v.	Body temperature was performed outside the allowed time window of +/-15 min	Visit Schedule Compliance	TREATMENT	2020-09-08	22
BNT162-01	DV	BNT162-01-276-01-0268	1	Visit 0, Urine Pregnancy Test	Urine pregnancy test performed	Laboratory Data, ECG Data, Pregnancy Data	SCREENING	2020-08-05	-13
BNT162-01	DV	BNT162-01-276-01-0268	2	Visit 4, Vital Signs, 1 h a.v.	Vital signs and body temperature were performed outside the allowed time window of +/-15 min	Visit Schedule Compliance	TREATMENT	2020-09-08	22
BNT162-01	DV	BNT162-01-276-01-0272	1	Visit 5, Diary - Local Reactions	diary entries for local reactions are entered for only 4 consecutive days after V4 (day 22-25)	Treatment Compliance	TREATMENT	2020-09-29	26
BNT162-01	DV	BNT162-01-276-01-0272	2	Visit 5, Diary - Systemic Reactions	diary entries for systemic reactions are entered for only 5 consecutive days after V4 (day 22-26)	Treatment Compliance	TREATMENT	2020-09-29	26
BNT162-01	DV	BNT162-01-276-01-0274	1	Visit 1, Local Tolerability at Injection Site, 3 h a.v.	Check was performed too early	Visit Schedule Compliance	BASELINE	2020-08-27	1
BNT162-01	DV	BNT162-01-276-01-0274	2	Visit 1, Systemic Events Assessment, 3 h a.v.	Check was performed too early	Visit Schedule Compliance	BASELINE	2020-08-27	1
BNT162-01	DV	BNT162-01-276-01-0274	3	Visit 6 (a1, b1, b2, c2P/B) / (c2) (EoT), Vital Signs	wrong entry for pulse rate (012), so value is unknown	Other	TREATMENT	2020-10-08	43
BNT162-01	DV	BNT162-01-276-01-0276	1	Visit 2, Physical Examination	measurements performed, but values not documented	Other	TREATMENT	2020-08-21	2
BNT162-01	DV	BNT162-01-276-01-0282	1	Unrelated Forms, Diary - Local Reactions, Day 3-7	no detailed information beside date/day reported in diary on day 3-7	Treatment Compliance	TREATMENT	2020-08-22	3
BNT162-01	DV	BNT162-01-276-01-0282	2	Visit 2, Urine Sampling for Urinalysis	urine sample was given outside the scheduled time frame of +/-2 h of vaccination	Visit Schedule Compliance	TREATMENT	2020-08-21	2
BNT162-01	DV	BNT162-01-276-01-0292	1	Visit 5, Systemic Events Assessment	items for nausea and vomiting not assessed	Treatment Compliance	TREATMENT	2020-09-24	29
BNT162-01	DV	BNT162-01-276-01-0292	2	Visit 6 (a1, b1, b2, c2P/B) / (c2) (EoT), Vital Signs	wrong entry for pulse rate (011), so value is unknown	Other	TREATMENT	2020-10-08	43
BNT162-01	DV	BNT162-01-276-01-0298	1	Visit 6 (a1, b1, b2, c2P/B) / (c2) (EoT), Vital Signs	measurements performed, but values not documented	Other	TREATMENT	2020-10-08	43
BNT162-01	DV	BNT162-01-276-01-0299	1	Visit 3	Vital Signs and body temperature: measurements performed, but values not documented	Other	TREATMENT	2020-08-27	8
BNT162-01	DV	BNT162-01-276-01-0303	1	Visit 1, Urine Pregnancy Test	Urine pregnancy testing performed	Laboratory Data, ECG Data, Pregnancy Data	BASELINE	2020-09-04	1
BNT162-01	DV	BNT162-01-276-01-0303	2	Visit 5, Diary - Local Reactions	diary entries for local and systemic reactions are entered for only 5 consecutive days after V4 (day 22-26)	Treatment Compliance	TREATMENT	2020-09-30	27
BNT162-01	DV	BNT162-01-276-01-0303	3	Visit 5, Diary - Systemic Reactions	diary entries for local and systemic reactions are entered for only 5 consecutive days after V4 (day 22-26)	Treatment Compliance	TREATMENT	2020-09-30	27
BNT162-01	DV	BNT162-01-276-01-0305	1	Visit 5, Blood Samples for CMI	No CMI samples taken	Laboratory Data, ECG Data, Pregnancy Data	TREATMENT	2020-10-02	29
BNT162-01	DV	BNT162-01-276-01-0306	1	Visit 0, Urine Pregnancy Test	Urine pregnancy testing performed	Laboratory Data, ECG Data, Pregnancy Data	SCREENING	2020-08-21	-11
BNT162-01	DV	BNT162-01-276-01-0308	1	Visit 4, Body Temperature, 6 h a.v.	Measurement performed but value not documented	Visit Schedule Compliance	TREATMENT	2020-09-24	21
BNT162-01	DV	BNT162-01-276-01-0308	2	Visit 5, Diary - Local Reactions	diary entries for local and systemic reactions are entered for only 5 consecutive days after V4 (day 22-26)	Treatment Compliance	TREATMENT	2020-09-30	27
BNT162-01	DV	BNT162-01-276-01-0308	3	Visit 5, Diary - Systemic Reactions	diary entries for local and systemic reactions are entered for only 5 consecutive days after V4 (day 22-26)	Treatment Compliance	TREATMENT	2020-09-30	27
BNT162-01	DV	BNT162-01-276-01-0310	1	Visit 4, Body Temperature, 1 h a.v.	Body temperature was performed outside the allowed time window of +/- 15 min	Visit Schedule Compliance	TREATMENT	2020-09-23	22
BNT162-01	DV	BNT162-01-276-01-0319	1	Visit 1, Urine Pregnancy Test	Urine pregnancy testing performed	Laboratory Data, ECG Data, Pregnancy Data	BASELINE	2020-09-04	1
BNT162-01	DV	BNT162-01-276-01-0319	2	Visit 5, Diary - Local Reactions	diary entries for local and systemic reactions are entered for only 5 consecutive days after after V4 (day 22-26	Treatment Compliance	TREATMENT	2020-09-30	27
BNT162-01	DV	BNT162-01-276-01-0319	3	Visit 5, Diary - Systemic Reactions	diary entries for local and systemic reactions are entered for only 5 consecutive days after after V4 (day 22-26	Treatment Compliance	TREATMENT	2020-09-30	27
BNT162-01	DV	BNT162-01-276-01-0323	1	Visit 1, Urine Pregnancy Test	Urine pregnancy test was performed	Laboratory Data, ECG Data, Pregnancy Data	BASELINE	2020-09-04	1
BNT162-01	DV	BNT162-01-276-01-0323	2	Visit 5, Diary - Local Reactions	diary entries for local and systemic reactions are entered for only 5 consecutive days after V4 (day 22-26)	Treatment Compliance	TREATMENT	2020-09-30	27
BNT162-01	DV	BNT162-01-276-01-0323	3	Visit 5, Diary - Systemic Reactions	diary entries for local and systemic reactions are entered for only 5 consecutive days after V4 (day 22-26)	Treatment Compliance	TREATMENT	2020-09-30	27
BNT162-01	DV	BNT162-01-276-01-0351	1	Visit 1, Allocation	By mistake, allocation was done before the alcohol breath testing	Visit Schedule Compliance	BASELINE	2020-09-25	1
BNT162-01	DV	BNT162-01-276-01-0351	2	Unrelated Forms, Diary - Local Reactions	diary entries for local reactions are entered for only 5 consecutive days after V4 (until day 27)	Treatment Compliance	TREATMENT	2020-10-21	27
BNT162-01	DV	BNT162-01-276-01-0351	3	Unrelated Forms, Diary - Systemic Reactions	diary entries for systemic reactions are entered for only 5 consecutive days after V4 (until day 27)	Treatment Compliance	TREATMENT	2020-10-21	27
BNT162-01	DV	BNT162-01-276-01-0358	1	Visit 1, Allocation	Allocation was done prior to predose measurements (vital signs, body temperature, ecg)	Visit Schedule Compliance	BASELINE	2020-09-23	1
BNT162-01	DV	BNT162-01-276-01-0358	2	Visit 1, Vital Signs, Predose	Measurements (Body temp./Vital signs/ECG) not prior to allocation	Visit Schedule Compliance	BASELINE	2020-09-23	1
BNT162-01	DV	BNT162-01-276-01-0360	1	Visit 1, Administration	predefined timeframe of 30 minutes between the vaccination of subjects was not adhered. (done after 29 minutes)	Treatment Compliance	BASELINE	2020-09-23	1
BNT162-01	DV	BNT162-01-276-01-0362	1	Visit 4, Systemic Events Assessment, 3 h a.v.	No modules except for fever were ticked, although assessments were done. No symptoms were reported.	Other	TREATMENT	2020-10-16	22
BNT162-01	DV	BNT162-01-276-01-0364	1	Unrelated Forms, Diary - Systemic Reactions	diary entries for systemic reactions are entered for only 5 consecutive days after V4 (until day 27)	Treatment Compliance	TREATMENT	2020-10-21	27
BNT162-01	DV	BNT162-01-276-01-0364	2	Visit 2, Urine Sampling for Urinalysis	urine sample was given outside the scheduled time frame of +/-2 h of vaccination	Visit Schedule Compliance	TREATMENT	2020-09-26	2
BNT162-01	DV	BNT162-01-276-01-0366	1	Visit 2, Urine Sampling for Urinalysis	urine sample was given outside the scheduled time frame of +/-2 h of vaccination	Visit Schedule Compliance	TREATMENT	2020-09-24	2
BNT162-01	DV	BNT162-01-276-02-0105	1	Visit 5, Systemic Events Assessment, D29	Assessment not done because the CRF was not available at that time	Visit Schedule Compliance	TREATMENT	2020-07-14	29
BNT162-01	DV	BNT162-01-276-02-0110	1	Visit 0, Blood Samples for Safety Lab	FSH is missing, subject has a tubal ligation	Laboratory Data, ECG Data, Pregnancy Data	SCREENING	2020-05-19	-28
BNT162-01	DV	BNT162-01-276-02-0110	2	Visit 3, Blood Samples for Safety Lab	centrifugation Glucose 8 minutes too late	Laboratory Data, ECG Data, Pregnancy Data	TREATMENT	2020-06-22	7
BNT162-01	DV	BNT162-01-276-02-0111	1	Visit 4, Administration	The test person had rhinitis on day 22 and could not be vaccinated. The vaccination was delayed on day 28.	Medical History and Concomitant Diseases	TREATMENT	2020-07-15	28
BNT162-01	DV	BNT162-01-276-02-0111	2	Visit 5	The visit 5 day 29 was moved to day 36.	Treatment Compliance	TREATMENT	2020-07-23	36
BNT162-01	DV	BNT162-01-276-02-0116	1	Visit 4, D22	Subject cancelled booster	Treatment Compliance	TREATMENT	2020-07-09	22
BNT162-01	DV	BNT162-01-276-02-0116	2	Visit 6 (a1, b1, b2, c2P/B) / (c2) (EoT), D43	Visit 6 was skipped because subject  \n prematurely terminated the Trial, so EoT  \n Visit 7 was performed earlier than \n  planned.	Visit Schedule Compliance	TREATMENT	2020-07-30	43
BNT162-01	DV	BNT162-01-276-02-0149	1	Visit 1, Blood Samples for Immunogenicity	centrifugation 13 minutes too early	Laboratory Data, ECG Data, Pregnancy Data	BASELINE	2020-06-22	1
BNT162-01	DV	BNT162-01-276-02-0150	1	Visit 6 (a1, b1, b2) / (c2) (EoT), all	Because of private appointments of the subject, this appointment is cancelled completely.	Visit Schedule Compliance	TREATMENT	2020-08-04	43
BNT162-01	DV	BNT162-01-276-02-0155	1	Visit 4, Vital Signs, D22 (1h after Vaccination)	Subject removed from the room unasked before the measurements, so the measures were taken a few minutes too late	Treatment Compliance	TREATMENT	2020-07-14	22
BNT162-01	DV	BNT162-01-276-02-0158	1	Visit 5, Diary - Local Reactions, Day 29	No entries available. The test Person appears on day 26. The Diary was collected	Visit Schedule Compliance	TREATMENT	2020-08-07	26
BNT162-01	DV	BNT162-01-276-02-0158	2	Visit 5, Diary - Systemic Reactions, Day 29	No entries available. The test Person appears on day 26. The Diary was collected	Visit Schedule Compliance	TREATMENT	2020-08-07	26
BNT162-01	DV	BNT162-01-276-02-0158	3	Visit 1, Systemic Events Assessment, 1h	the action took place 20 minutes later, 5 minutes outside the time range	Visit Schedule Compliance	BASELINE	2020-07-13	1
BNT162-01	DV	BNT162-01-276-02-0158	4	Visit 1, Local Tolerability at Injection Site, 1h	the action took place 20 minutes later, 5 minutes outside the time range	Visit Schedule Compliance	BASELINE	2020-07-13	1
BNT162-01	DV	BNT162-01-276-02-0159	1	Visit 6 (a1, b1, b2) / (c2) (EoT)	The subject moved his visit 6 by 5 days. That's one day too many	Visit Schedule Compliance	TREATMENT	2020-08-07	38
BNT162-01	DV	BNT162-01-276-02-0164	1	Visit 4, Oral Swipe for SARS-CoV-2 Testing	an additional Control test on visit 4 drior to vaccination	Other	TREATMENT	2020-08-03	22
BNT162-01	DV	BNT162-01-276-02-0175	1	Phone Call at 48h, Phone Call	Phone Call not performed	Visit Schedule Compliance	TREATMENT	2020-07-09	4
BNT162-01	DV	BNT162-01-276-02-0180	1	Visit 1, Informed Consent + Blood Sampling for HLA typing	"The consent form for ""Pharmagenomic Examination HLA"" was signed 3 min before the consent form version 6.0 Protocol Version 7.0, June 26, 2020"	Other	BASELINE	2020-07-13	1
BNT162-01	DV	BNT162-01-276-02-0183	1	Visit 2, Body Temperature, 24 h (+/- 2h)	Body temperature was measured outside the allowed timeframe ( 13 min too early)	Laboratory Data, ECG Data, Pregnancy Data	TREATMENT	2020-07-14	2
BNT162-01	DV	BNT162-01-276-02-0183	2	Visit 1, Informed Consent + Blood Sampling for HLA typing	"The consent form for ""Pharmagenomic Examination HLA"" was signed 2 min before the consent form version 6.0, June 26, 2020"	Other	BASELINE	2020-07-13	1
BNT162-01	DV	BNT162-01-276-02-0197	1	Visit 2, Body Temperature, 24 h	Body temperature measurement is 2 minutes out of range of tolerance ( 2 minutes too early)	Visit Schedule Compliance	TREATMENT	2020-07-29	2
BNT162-01	DV	BNT162-01-276-02-0204	1	Visit 2	All measures are outside the 2h timedeviation	Visit Schedule Compliance	TREATMENT	2020-08-01	2
BNT162-01	DV	BNT162-01-276-02-0225	1	Visit 3, Blood Samples for Immunogenicity	The blood can't quite be distributed	Laboratory Data, ECG Data, Pregnancy Data	TREATMENT	2020-09-02	8
BNT162-01	DV	BNT162-01-276-02-0234	1	Visit 1, Oral Swipe for SARS-CoV-2 Testing	The PCR test was repeated at Visit1 before the predose recording, because at Visit -1 the test was not evaluable	Laboratory Data, ECG Data, Pregnancy Data	BASELINE	2020-09-09	1
BNT162-01	DV	BNT162-01-276-02-0239	1	Visit 5, Diary - Local Reactions, day 28	day 28 - data missing	Other	TREATMENT	2020-10-08	28
