STUDYID	RDOMAIN	USUBJID	IDVAR	IDVARVAL	QNAM	QLABEL	QVAL	QORIG	QEVAL
BNT162-01	XA	BNT162-01-276-01-0001	XASEQ	1	RES_BS	Blood Sampling for Research Purposes	2020-10-23T08:20	CRF	""
BNT162-01	XA	BNT162-01-276-01-0005	XASEQ	1	RES_BS	Blood Sampling for Research Purposes	2020-10-23T09:16	CRF	""
BNT162-01	XA	BNT162-01-276-01-0007	XASEQ	1	RES_BS	Blood Sampling for Research Purposes	2020-10-23T08:53	CRF	""
BNT162-01	XA	BNT162-01-276-01-0011	XASEQ	1	RES_BS	Blood Sampling for Research Purposes	2020-10-23T09:22	CRF	""
BNT162-01	XA	BNT162-01-276-01-0049	XASEQ	1	RES_BS	Blood Sampling for Research Purposes	2020-08-05T10:44	CRF	""
BNT162-01	XA	BNT162-01-276-01-0053	XASEQ	1	RES_BS	Blood Sampling for Research Purposes	2020-08-05T10:36	CRF	""
BNT162-01	XA	BNT162-01-276-01-0055	XASEQ	1	RES_BS	Blood Sampling for Research Purposes	2020-08-05T10:22	CRF	""
BNT162-01	XA	BNT162-01-276-01-0056	XASEQ	1	RES_BS	Blood Sampling for Research Purposes	2020-08-05T10:50	CRF	""
BNT162-01	XA	BNT162-01-276-01-0057	XASEQ	1	RES_BS	Blood Sampling for Research Purposes	2020-08-11T10:32	CRF	""
BNT162-01	XA	BNT162-01-276-01-0059	XASEQ	1	RES_BS	Blood Sampling for Research Purposes	2020-08-05T10:30	CRF	""
BNT162-01	XA	BNT162-01-276-01-0060	XASEQ	1	RES_BS	Blood Sampling for Research Purposes	2020-08-05T10:59	CRF	""
BNT162-01	XA	BNT162-01-276-01-0066	XASEQ	1	RES_BS	Blood Sampling for Research Purposes	2020-08-12T10:33	CRF	""
BNT162-01	XA	BNT162-01-276-01-0067	XASEQ	1	RES_BS	Blood Sampling for Research Purposes	2020-08-07T09:59	CRF	""
BNT162-01	XA	BNT162-01-276-01-0068	XASEQ	1	RES_BS	Blood Sampling for Research Purposes	2020-08-11T10:12	CRF	""
BNT162-01	XA	BNT162-01-276-01-0070	XASEQ	1	RES_BS	Blood Sampling for Research Purposes	2020-08-07T10:45	CRF	""
BNT162-01	XA	BNT162-01-276-01-0073	XASEQ	1	RES_BS	Blood Sampling for Research Purposes	2020-08-07T10:10	CRF	""
BNT162-01	XA	BNT162-01-276-01-0075	XASEQ	1	RES_BS	Blood Sampling for Research Purposes	2020-08-14T10:54	CRF	""
BNT162-01	XA	BNT162-01-276-01-0076	XASEQ	1	RES_BS	Blood Sampling for Research Purposes	2020-08-14T10:05	CRF	""
BNT162-01	XA	BNT162-01-276-01-0083	XASEQ	1	RES_BS	Blood Sampling for Research Purposes	2020-08-12T09:18	CRF	""
BNT162-01	XA	BNT162-01-276-01-0084	XASEQ	1	RES_BS	Blood Sampling for Research Purposes	2020-08-14T11:09	CRF	""
BNT162-01	XA	BNT162-01-276-01-0085	XASEQ	1	RES_BS	Blood Sampling for Research Purposes	2020-08-14T09:54	CRF	""
BNT162-01	XA	BNT162-01-276-01-0089	XASEQ	1	RES_BS	Blood Sampling for Research Purposes	2020-08-12T10:15	CRF	""
BNT162-01	XA	BNT162-01-276-01-0093	XASEQ	1	RES_BS	Blood Sampling for Research Purposes	2020-08-12T09:32	CRF	""
BNT162-01	XA	BNT162-01-276-01-0096	XASEQ	1	RES_BS	Blood Sampling for Research Purposes	2020-08-12T10:49	CRF	""
BNT162-01	XA	BNT162-01-276-01-0103	XASEQ	1	RES_BS	Blood Sampling for Research Purposes	2020-08-14T10:40	CRF	""
BNT162-01	XA	BNT162-01-276-01-0104	XASEQ	1	RES_BS	Blood Sampling for Research Purposes	2020-08-12T10:16	CRF	""
BNT162-01	XA	BNT162-01-276-01-0151	XASEQ	1	RES_BS	Blood Sampling for Research Purposes	2020-08-27T09:53	CRF	""
BNT162-01	XA	BNT162-01-276-01-0151	XASEQ	2	RES_BS	Blood Sampling for Research Purposes	2020-10-09T10:24	CRF	""
BNT162-01	XA	BNT162-01-276-01-0170	XASEQ	1	RES_BS	Blood Sampling for Research Purposes	2020-10-23T10:10	CRF	""
BNT162-01	XA	BNT162-01-276-01-0171	XASEQ	1	RES_BS	Blood Sampling for Research Purposes	2020-08-27T07:47	CRF	""
BNT162-01	XA	BNT162-01-276-01-0171	XASEQ	2	RES_BS	Blood Sampling for Research Purposes	2020-10-09T08:52	CRF	""
BNT162-01	XA	BNT162-01-276-01-0172	XASEQ	1	RES_BS	Blood Sampling for Research Purposes	2020-08-28T11:05	CRF	""
BNT162-01	XA	BNT162-01-276-01-0172	XASEQ	2	RES_BS	Blood Sampling for Research Purposes	2020-10-15T08:43	CRF	""
BNT162-01	XA	BNT162-01-276-01-0173	XASEQ	1	RES_BS	Blood Sampling for Research Purposes	2020-08-27T08:43	CRF	""
BNT162-01	XA	BNT162-01-276-01-0173	XASEQ	2	RES_BS	Blood Sampling for Research Purposes	2020-10-09T10:40	CRF	""
BNT162-01	XA	BNT162-01-276-01-0175	XASEQ	1	RES_BS	Blood Sampling for Research Purposes	2020-08-27T09:02	CRF	""
BNT162-01	XA	BNT162-01-276-01-0175	XASEQ	2	RES_BS	Blood Sampling for Research Purposes	2020-10-09T10:10	CRF	""
BNT162-01	XA	BNT162-01-276-01-0176	XASEQ	1	RES_BS	Blood Sampling for Research Purposes	2020-08-27T09:13	CRF	""
BNT162-01	XA	BNT162-01-276-01-0176	XASEQ	2	RES_BS	Blood Sampling for Research Purposes	2020-10-09T10:27	CRF	""
BNT162-01	XA	BNT162-01-276-01-0179	XASEQ	1	RES_BS	Blood Sampling for Research Purposes	2020-10-09T10:10	CRF	""
BNT162-01	XA	BNT162-01-276-01-0181	XASEQ	1	RES_BS	Blood Sampling for Research Purposes	2020-08-27T09:32	CRF	""
BNT162-01	XA	BNT162-01-276-01-0181	XASEQ	2	RES_BS	Blood Sampling for Research Purposes	2020-10-14T09:20	CRF	""
BNT162-01	XA	BNT162-01-276-01-0183	XASEQ	1	RES_BS	Blood Sampling for Research Purposes	2020-08-27T10:05	CRF	""
BNT162-01	XA	BNT162-01-276-01-0183	XASEQ	2	RES_BS	Blood Sampling for Research Purposes	2020-10-09T10:30	CRF	""
BNT162-01	XA	BNT162-01-276-01-0194	XASEQ	1	RES_BS	Blood Sampling for Research Purposes	2020-09-01T10:04	CRF	""
BNT162-01	XA	BNT162-01-276-01-0194	XASEQ	2	RES_BS	Blood Sampling for Research Purposes	2020-10-14T08:25	CRF	""
BNT162-01	XA	BNT162-01-276-01-0197	XASEQ	1	RES_BS	Blood Sampling for Research Purposes	2020-08-27T10:36	CRF	""
BNT162-01	XA	BNT162-01-276-01-0197	XASEQ	2	RES_BS	Blood Sampling for Research Purposes	2020-10-09T10:58	CRF	""
BNT162-01	XA	BNT162-01-276-01-0198	XASEQ	1	RES_BS	Blood Sampling for Research Purposes	2020-09-01T09:47	CRF	""
BNT162-01	XA	BNT162-01-276-01-0198	XASEQ	2	RES_BS	Blood Sampling for Research Purposes	2020-10-14T08:40	CRF	""
BNT162-01	XA	BNT162-01-276-01-0200	XASEQ	1	RES_BS	Blood Sampling for Research Purposes	2020-09-01T10:17	CRF	""
BNT162-01	XA	BNT162-01-276-01-0200	XASEQ	2	RES_BS	Blood Sampling for Research Purposes	2020-10-14T09:11	CRF	""
BNT162-01	XA	BNT162-01-276-01-0204	XASEQ	1	RES_BS	Blood Sampling for Research Purposes	2020-09-01T10:24	CRF	""
BNT162-01	XA	BNT162-01-276-01-0204	XASEQ	2	RES_BS	Blood Sampling for Research Purposes	2020-10-14T08:10	CRF	""
BNT162-01	XA	BNT162-01-276-01-0209	XASEQ	1	RES_BS	Blood Sampling for Research Purposes	2020-09-01T10:06	CRF	""
BNT162-01	XA	BNT162-01-276-01-0209	XASEQ	2	RES_BS	Blood Sampling for Research Purposes	2020-10-14T08:00	CRF	""
BNT162-01	XA	BNT162-01-276-01-0212	XASEQ	1	RES_BS	Blood Sampling for Research Purposes	2020-09-02T10:06	CRF	""
BNT162-01	XA	BNT162-01-276-01-0212	XASEQ	2	RES_BS	Blood Sampling for Research Purposes	2020-10-14T08:50	CRF	""
BNT162-01	XA	BNT162-01-276-01-0221	XASEQ	1	RES_BS	Blood Sampling for Research Purposes	2020-09-11T10:52	CRF	""
BNT162-01	XA	BNT162-01-276-01-0221	XASEQ	2	RES_BS	Blood Sampling for Research Purposes	2020-10-23T09:48	CRF	""
BNT162-01	XA	BNT162-01-276-01-0224	XASEQ	1	RES_BS	Blood Sampling for Research Purposes	2020-09-11T10:13	CRF	""
BNT162-01	XA	BNT162-01-276-01-0224	XASEQ	2	RES_BS	Blood Sampling for Research Purposes	2020-10-23T09:11	CRF	""
BNT162-01	XA	BNT162-01-276-01-0225	XASEQ	1	RES_BS	Blood Sampling for Research Purposes	2020-09-11T10:29	CRF	""
BNT162-01	XA	BNT162-01-276-01-0225	XASEQ	2	RES_BS	Blood Sampling for Research Purposes	2020-10-23T09:28	CRF	""
BNT162-01	XA	BNT162-01-276-01-0226	XASEQ	1	RES_BS	Blood Sampling for Research Purposes	2020-09-11T08:48	CRF	""
BNT162-01	XA	BNT162-01-276-01-0226	XASEQ	2	RES_BS	Blood Sampling for Research Purposes	2020-10-23T09:51	CRF	""
BNT162-01	XA	BNT162-01-276-01-0227	XASEQ	1	RES_BS	Blood Sampling for Research Purposes	2020-09-11T09:36	CRF	""
BNT162-01	XA	BNT162-01-276-01-0227	XASEQ	2	RES_BS	Blood Sampling for Research Purposes	2020-10-21T09:56	CRF	""
BNT162-01	XA	BNT162-01-276-01-0261	XASEQ	1	RES_BS	Blood Sampling for Research Purposes	2020-09-25T08:07	CRF	""
BNT162-01	XA	BNT162-01-276-01-0263	XASEQ	1	RES_BS	Blood Sampling for Research Purposes	2020-09-25T08:28	CRF	""
BNT162-01	XA	BNT162-01-276-01-0265	XASEQ	1	RES_BS	Blood Sampling for Research Purposes	2020-09-29T10:10	CRF	""
BNT162-01	XA	BNT162-01-276-01-0268	XASEQ	1	RES_BS	Blood Sampling for Research Purposes	2020-09-29T10:32	CRF	""
BNT162-01	XA	BNT162-01-276-01-0269	XASEQ	1	RES_BS	Blood Sampling for Research Purposes	2020-09-29T09:44	CRF	""
BNT162-01	XA	BNT162-01-276-01-0272	XASEQ	1	RES_BS	Blood Sampling for Research Purposes	2020-10-16T08:17	CRF	""
BNT162-01	XA	BNT162-01-276-01-0273	XASEQ	1	RES_BS	Blood Sampling for Research Purposes	2020-10-08T09:45	CRF	""
BNT162-01	XA	BNT162-01-276-01-0274	XASEQ	1	RES_BS	Blood Sampling for Research Purposes	2020-10-08T09:56	CRF	""
BNT162-01	XA	BNT162-01-276-01-0275	XASEQ	1	RES_BS	Blood Sampling for Research Purposes	2020-10-01T10:15	CRF	""
BNT162-01	XA	BNT162-01-276-01-0276	XASEQ	1	RES_BS	Blood Sampling for Research Purposes	2020-10-01T09:20	CRF	""
BNT162-01	XA	BNT162-01-276-01-0277	XASEQ	1	RES_BS	Blood Sampling for Research Purposes	2020-10-01T08:30	CRF	""
BNT162-01	XA	BNT162-01-276-01-0279	XASEQ	1	RES_BS	Blood Sampling for Research Purposes	2020-10-01T09:23	CRF	""
BNT162-01	XA	BNT162-01-276-01-0282	XASEQ	1	RES_BS	Blood Sampling for Research Purposes	2020-10-01T08:26	CRF	""
BNT162-01	XA	BNT162-01-276-01-0283	XASEQ	1	RES_BS	Blood Sampling for Research Purposes	2020-10-08T10:20	CRF	""
BNT162-01	XA	BNT162-01-276-01-0286	XASEQ	1	RES_BS	Blood Sampling for Research Purposes	2020-10-06T08:10	CRF	""
BNT162-01	XA	BNT162-01-276-01-0287	XASEQ	1	RES_BS	Blood Sampling for Research Purposes	2020-10-06T09:12	CRF	""
BNT162-01	XA	BNT162-01-276-01-0288	XASEQ	1	RES_BS	Blood Sampling for Research Purposes	2020-10-06T09:35	CRF	""
BNT162-01	XA	BNT162-01-276-01-0289	XASEQ	1	RES_BS	Blood Sampling for Research Purposes	2020-10-01T08:38	CRF	""
BNT162-01	XA	BNT162-01-276-01-0291	XASEQ	1	RES_BS	Blood Sampling for Research Purposes	2020-10-06T09:40	CRF	""
BNT162-01	XA	BNT162-01-276-01-0292	XASEQ	1	RES_BS	Blood Sampling for Research Purposes	2020-10-08T09:10	CRF	""
BNT162-01	XA	BNT162-01-276-01-0298	XASEQ	1	RES_BS	Blood Sampling for Research Purposes	2020-10-08T10:32	CRF	""
BNT162-01	XA	BNT162-01-276-01-0299	XASEQ	1	RES_BS	Blood Sampling for Research Purposes	2020-10-01T09:05	CRF	""
BNT162-01	XA	BNT162-01-276-01-0300	XASEQ	1	RES_BS	Blood Sampling for Research Purposes	2020-10-01T08:30	CRF	""
BNT162-01	XA	BNT162-01-276-01-0305	XASEQ	1	RES_BS	Blood Sampling for Research Purposes	2020-10-16T10:34	CRF	""
BNT162-01	XA	BNT162-01-276-01-0306	XASEQ	1	RES_BS	Blood Sampling for Research Purposes	2020-10-13T08:21	CRF	""
BNT162-01	XA	BNT162-01-276-01-0308	XASEQ	1	RES_BS	Blood Sampling for Research Purposes	2020-10-16T07:59	CRF	""
BNT162-01	XA	BNT162-01-276-01-0309	XASEQ	1	RES_BS	Blood Sampling for Research Purposes	2020-10-14T10:44	CRF	""
BNT162-01	XA	BNT162-01-276-01-0310	XASEQ	1	RES_BS	Blood Sampling for Research Purposes	2020-10-14T10:50	CRF	""
BNT162-01	XA	BNT162-01-276-01-0314	XASEQ	1	RES_BS	Blood Sampling for Research Purposes	2020-10-13T09:42	CRF	""
BNT162-01	XA	BNT162-01-276-01-0316	XASEQ	1	RES_BS	Blood Sampling for Research Purposes	2020-10-13T08:34	CRF	""
BNT162-01	XA	BNT162-01-276-01-0319	XASEQ	1	RES_BS	Blood Sampling for Research Purposes	2020-10-16T08:18	CRF	""
BNT162-01	XA	BNT162-01-276-01-0320	XASEQ	1	RES_BS	Blood Sampling for Research Purposes	2020-10-08T10:06	CRF	""
BNT162-01	XA	BNT162-01-276-01-0323	XASEQ	1	RES_BS	Blood Sampling for Research Purposes	2020-10-16T08:45	CRF	""
BNT162-01	XA	BNT162-01-276-01-0324	XASEQ	1	RES_BS	Blood Sampling for Research Purposes	2020-10-14T08:56	CRF	""
BNT162-01	XA	BNT162-01-276-02-0101	XASEQ	3	RES_BS	Blood Sampling for Research Purposes	2020-09-08T08:30	CRF	""
BNT162-01	XA	BNT162-01-276-02-0102	XASEQ	3	RES_BS	Blood Sampling for Research Purposes	2020-09-08T07:37	CRF	""
BNT162-01	XA	BNT162-01-276-02-0103	XASEQ	3	RES_BS	Blood Sampling for Research Purposes	2020-09-07T08:40	CRF	""
BNT162-01	XA	BNT162-01-276-02-0104	XASEQ	3	RES_BS	Blood Sampling for Research Purposes	2020-09-14T09:25	CRF	""
BNT162-01	XA	BNT162-01-276-02-0105	XASEQ	3	RES_BS	Blood Sampling for Research Purposes	2020-09-08T08:50	CRF	""
BNT162-01	XA	BNT162-01-276-02-0110	XASEQ	3	RES_BS	Blood Sampling for Research Purposes	2020-09-10T08:45	CRF	""
BNT162-01	XA	BNT162-01-276-02-0111	XASEQ	3	RES_BS	Blood Sampling for Research Purposes	2020-09-04T09:49	CRF	""
BNT162-01	XA	BNT162-01-276-02-0114	XASEQ	3	RES_BS	Blood Sampling for Research Purposes	2020-09-10T08:47	CRF	""
BNT162-01	XA	BNT162-01-276-02-0117	XASEQ	3	RES_BS	Blood Sampling for Research Purposes	2020-09-10T09:00	CRF	""
BNT162-01	XA	BNT162-01-276-02-0118	XASEQ	3	RES_BS	Blood Sampling for Research Purposes	2020-09-10T08:28	CRF	""
BNT162-01	XA	BNT162-01-276-02-0121	XASEQ	3	RES_BS	Blood Sampling for Research Purposes	2020-09-10T10:08	CRF	""
BNT162-01	XA	BNT162-01-276-02-0127	XASEQ	3	RES_BS	Blood Sampling for Research Purposes	2020-08-03T10:27	CRF	""
BNT162-01	XA	BNT162-01-276-02-0127	XASEQ	4	RES_BS	Blood Sampling for Research Purposes	2020-09-14T10:24	CRF	""
BNT162-01	XA	BNT162-01-276-02-0128	XASEQ	3	RES_BS	Blood Sampling for Research Purposes	2020-08-04T07:20	CRF	""
BNT162-01	XA	BNT162-01-276-02-0128	XASEQ	4	RES_BS	Blood Sampling for Research Purposes	2020-09-15T08:50	CRF	""
BNT162-01	XA	BNT162-01-276-02-0134	XASEQ	3	RES_BS	Blood Sampling for Research Purposes	2020-08-07T08:10	CRF	""
BNT162-01	XA	BNT162-01-276-02-0134	XASEQ	4	RES_BS	Blood Sampling for Research Purposes	2020-09-21T10:12	CRF	""
BNT162-01	XA	BNT162-01-276-02-0137	XASEQ	3	RES_BS	Blood Sampling for Research Purposes	2020-08-04T08:10	CRF	""
BNT162-01	XA	BNT162-01-276-02-0137	XASEQ	4	RES_BS	Blood Sampling for Research Purposes	2020-09-15T07:47	CRF	""
BNT162-01	XA	BNT162-01-276-02-0138	XASEQ	3	RES_BS	Blood Sampling for Research Purposes	2020-08-07T08:55	CRF	""
BNT162-01	XA	BNT162-01-276-02-0138	XASEQ	4	RES_BS	Blood Sampling for Research Purposes	2020-09-17T08:04	CRF	""
BNT162-01	XA	BNT162-01-276-02-0142	XASEQ	3	RES_BS	Blood Sampling for Research Purposes	2020-08-06T10:05	CRF	""
BNT162-01	XA	BNT162-01-276-02-0142	XASEQ	4	RES_BS	Blood Sampling for Research Purposes	2020-09-17T09:50	CRF	""
BNT162-01	XA	BNT162-01-276-02-0143	XASEQ	3	RES_BS	Blood Sampling for Research Purposes	2020-08-06T09:20	CRF	""
BNT162-01	XA	BNT162-01-276-02-0143	XASEQ	4	RES_BS	Blood Sampling for Research Purposes	2020-09-17T10:17	CRF	""
BNT162-01	XA	BNT162-01-276-02-0144	XASEQ	3	RES_BS	Blood Sampling for Research Purposes	2020-08-06T09:48	CRF	""
BNT162-01	XA	BNT162-01-276-02-0144	XASEQ	4	RES_BS	Blood Sampling for Research Purposes	2020-09-17T10:33	CRF	""
BNT162-01	XA	BNT162-01-276-02-0145	XASEQ	3	RES_BS	Blood Sampling for Research Purposes	2020-08-06T08:10	CRF	""
BNT162-01	XA	BNT162-01-276-02-0145	XASEQ	4	RES_BS	Blood Sampling for Research Purposes	2020-09-17T07:50	CRF	""
BNT162-01	XA	BNT162-01-276-02-0149	XASEQ	3	RES_BS	Blood Sampling for Research Purposes	2020-08-03T07:26	CRF	""
BNT162-01	XA	BNT162-01-276-02-0150	XASEQ	3	RES_BS	Blood Sampling for Research Purposes	2020-09-21T08:43	CRF	""
BNT162-01	XA	BNT162-01-276-02-0153	XASEQ	3	RES_BS	Blood Sampling for Research Purposes	2020-08-11T08:04	CRF	""
BNT162-01	XA	BNT162-01-276-02-0153	XASEQ	4	RES_BS	Blood Sampling for Research Purposes	2020-09-21T08:00	CRF	""
BNT162-01	XA	BNT162-01-276-02-0154	XASEQ	3	RES_BS	Blood Sampling for Research Purposes	2020-08-11T08:14	CRF	""
BNT162-01	XA	BNT162-01-276-02-0154	XASEQ	4	RES_BS	Blood Sampling for Research Purposes	2020-09-21T07:55	CRF	""
BNT162-01	XA	BNT162-01-276-02-0155	XASEQ	1	RES_BS	Blood Sampling for Research Purposes	2020-08-04T10:21	CRF	""
BNT162-01	XA	BNT162-01-276-02-0156	XASEQ	3	RES_BS	Blood Sampling for Research Purposes	2020-08-13T08:28	CRF	""
BNT162-01	XA	BNT162-01-276-02-0156	XASEQ	4	RES_BS	Blood Sampling for Research Purposes	2020-09-24T08:50	CRF	""
BNT162-01	XA	BNT162-01-276-02-0157	XASEQ	3	RES_BS	Blood Sampling for Research Purposes	2020-08-11T10:13	CRF	""
BNT162-01	XA	BNT162-01-276-02-0157	XASEQ	4	RES_BS	Blood Sampling for Research Purposes	2020-09-21T10:42	CRF	""
BNT162-01	XA	BNT162-01-276-02-0158	XASEQ	3	RES_BS	Blood Sampling for Research Purposes	2020-08-24T08:42	CRF	""
BNT162-01	XA	BNT162-01-276-02-0158	XASEQ	4	RES_BS	Blood Sampling for Research Purposes	2020-10-06T08:35	CRF	""
BNT162-01	XA	BNT162-01-276-02-0159	XASEQ	3	RES_BS	Blood Sampling for Research Purposes	2020-08-07T08:01	CRF	""
BNT162-01	XA	BNT162-01-276-02-0159	XASEQ	4	RES_BS	Blood Sampling for Research Purposes	2020-09-23T07:43	CRF	""
BNT162-01	XA	BNT162-01-276-02-0163	XASEQ	3	RES_BS	Blood Sampling for Research Purposes	2020-08-12T10:12	CRF	""
BNT162-01	XA	BNT162-01-276-02-0163	XASEQ	4	RES_BS	Blood Sampling for Research Purposes	2020-09-21T09:58	CRF	""
BNT162-01	XA	BNT162-01-276-02-0164	XASEQ	3	RES_BS	Blood Sampling for Research Purposes	2020-08-24T07:29	CRF	""
BNT162-01	XA	BNT162-01-276-02-0164	XASEQ	4	RES_BS	Blood Sampling for Research Purposes	2020-10-05T07:20	CRF	""
BNT162-01	XA	BNT162-01-276-02-0166	XASEQ	3	RES_BS	Blood Sampling for Research Purposes	2020-08-11T08:46	CRF	""
BNT162-01	XA	BNT162-01-276-02-0166	XASEQ	4	RES_BS	Blood Sampling for Research Purposes	2020-09-18T07:55	CRF	""
BNT162-01	XA	BNT162-01-276-02-0168	XASEQ	3	RES_BS	Blood Sampling for Research Purposes	2020-08-12T07:47	CRF	""
BNT162-01	XA	BNT162-01-276-02-0168	XASEQ	4	RES_BS	Blood Sampling for Research Purposes	2020-09-23T08:03	CRF	""
BNT162-01	XA	BNT162-01-276-02-0171	XASEQ	1	RES_BS	Blood Sampling for Research Purposes	2020-10-05T08:55	CRF	""
BNT162-01	XA	BNT162-01-276-02-0172	XASEQ	3	RES_BS	Blood Sampling for Research Purposes	2020-08-13T09:25	CRF	""
BNT162-01	XA	BNT162-01-276-02-0172	XASEQ	4	RES_BS	Blood Sampling for Research Purposes	2020-09-24T09:05	CRF	""
BNT162-01	XA	BNT162-01-276-02-0173	XASEQ	3	RES_BS	Blood Sampling for Research Purposes	2020-08-13T08:55	CRF	""
BNT162-01	XA	BNT162-01-276-02-0173	XASEQ	4	RES_BS	Blood Sampling for Research Purposes	2020-09-24T08:30	CRF	""
BNT162-01	XA	BNT162-01-276-02-0174	XASEQ	3	RES_BS	Blood Sampling for Research Purposes	2020-08-17T07:38	CRF	""
BNT162-01	XA	BNT162-01-276-02-0174	XASEQ	4	RES_BS	Blood Sampling for Research Purposes	2020-09-28T07:40	CRF	""
BNT162-01	XA	BNT162-01-276-02-0175	XASEQ	3	RES_BS	Blood Sampling for Research Purposes	2020-08-17T08:21	CRF	""
BNT162-01	XA	BNT162-01-276-02-0175	XASEQ	4	RES_BS	Blood Sampling for Research Purposes	2020-09-28T08:09	CRF	""
BNT162-01	XA	BNT162-01-276-02-0176	XASEQ	3	RES_BS	Blood Sampling for Research Purposes	2020-09-09T08:25	CRF	""
BNT162-01	XA	BNT162-01-276-02-0176	XASEQ	4	RES_BS	Blood Sampling for Research Purposes	2020-10-21T08:52	CRF	""
BNT162-01	XA	BNT162-01-276-02-0177	XASEQ	3	RES_BS	Blood Sampling for Research Purposes	2020-08-18T10:06	CRF	""
BNT162-01	XA	BNT162-01-276-02-0177	XASEQ	4	RES_BS	Blood Sampling for Research Purposes	2020-09-28T09:57	CRF	""
BNT162-01	XA	BNT162-01-276-02-0178	XASEQ	3	RES_BS	Blood Sampling for Research Purposes	2020-08-17T09:25	CRF	""
BNT162-01	XA	BNT162-01-276-02-0178	XASEQ	4	RES_BS	Blood Sampling for Research Purposes	2020-09-28T09:31	CRF	""
BNT162-01	XA	BNT162-01-276-02-0179	XASEQ	3	RES_BS	Blood Sampling for Research Purposes	2020-08-17T08:05	CRF	""
BNT162-01	XA	BNT162-01-276-02-0179	XASEQ	4	RES_BS	Blood Sampling for Research Purposes	2020-09-28T07:40	CRF	""
BNT162-01	XA	BNT162-01-276-02-0180	XASEQ	3	RES_BS	Blood Sampling for Research Purposes	2020-08-24T08:28	CRF	""
BNT162-01	XA	BNT162-01-276-02-0180	XASEQ	4	RES_BS	Blood Sampling for Research Purposes	2020-10-05T08:20	CRF	""
BNT162-01	XA	BNT162-01-276-02-0181	XASEQ	3	RES_BS	Blood Sampling for Research Purposes	2020-09-08T09:28	CRF	""
BNT162-01	XA	BNT162-01-276-02-0181	XASEQ	4	RES_BS	Blood Sampling for Research Purposes	2020-10-22T10:52	CRF	""
BNT162-01	XA	BNT162-01-276-02-0183	XASEQ	3	RES_BS	Blood Sampling for Research Purposes	2020-08-24T09:10	CRF	""
BNT162-01	XA	BNT162-01-276-02-0183	XASEQ	4	RES_BS	Blood Sampling for Research Purposes	2020-10-05T10:15	CRF	""
BNT162-01	XA	BNT162-01-276-02-0185	XASEQ	3	RES_BS	Blood Sampling for Research Purposes	2020-09-09T10:06	CRF	""
BNT162-01	XA	BNT162-01-276-02-0185	XASEQ	4	RES_BS	Blood Sampling for Research Purposes	2020-10-21T07:35	CRF	""
BNT162-01	XA	BNT162-01-276-02-0188	XASEQ	3	RES_BS	Blood Sampling for Research Purposes	2020-09-08T07:52	CRF	""
BNT162-01	XA	BNT162-01-276-02-0188	XASEQ	4	RES_BS	Blood Sampling for Research Purposes	2020-10-20T07:38	CRF	""
BNT162-01	XA	BNT162-01-276-02-0189	XASEQ	3	RES_BS	Blood Sampling for Research Purposes	2020-09-08T08:44	CRF	""
BNT162-01	XA	BNT162-01-276-02-0189	XASEQ	4	RES_BS	Blood Sampling for Research Purposes	2020-10-20T08:18	CRF	""
BNT162-01	XA	BNT162-01-276-02-0191	XASEQ	3	RES_BS	Blood Sampling for Research Purposes	2020-09-17T07:40	CRF	""
BNT162-01	XA	BNT162-01-276-02-0192	XASEQ	3	RES_BS	Blood Sampling for Research Purposes	2020-09-08T09:15	CRF	""
BNT162-01	XA	BNT162-01-276-02-0192	XASEQ	4	RES_BS	Blood Sampling for Research Purposes	2020-10-20T09:05	CRF	""
BNT162-01	XA	BNT162-01-276-02-0193	XASEQ	3	RES_BS	Blood Sampling for Research Purposes	2020-09-09T07:32	CRF	""
BNT162-01	XA	BNT162-01-276-02-0193	XASEQ	4	RES_BS	Blood Sampling for Research Purposes	2020-10-21T08:55	CRF	""
BNT162-01	XA	BNT162-01-276-02-0194	XASEQ	3	RES_BS	Blood Sampling for Research Purposes	2020-09-09T09:30	CRF	""
BNT162-01	XA	BNT162-01-276-02-0194	XASEQ	4	RES_BS	Blood Sampling for Research Purposes	2020-10-19T09:35	CRF	""
BNT162-01	XA	BNT162-01-276-02-0195	XASEQ	3	RES_BS	Blood Sampling for Research Purposes	2020-09-11T07:20	CRF	""
BNT162-01	XA	BNT162-01-276-02-0195	XASEQ	4	RES_BS	Blood Sampling for Research Purposes	2020-10-23T07:45	CRF	""
BNT162-01	XA	BNT162-01-276-02-0197	XASEQ	3	RES_BS	Blood Sampling for Research Purposes	2020-09-08T09:46	CRF	""
BNT162-01	XA	BNT162-01-276-02-0197	XASEQ	4	RES_BS	Blood Sampling for Research Purposes	2020-10-20T09:52	CRF	""
BNT162-01	XA	BNT162-01-276-02-0200	XASEQ	3	RES_BS	Blood Sampling for Research Purposes	2020-09-11T08:50	CRF	""
BNT162-01	XA	BNT162-01-276-02-0200	XASEQ	4	RES_BS	Blood Sampling for Research Purposes	2020-10-23T08:32	CRF	""
BNT162-01	XA	BNT162-01-276-02-0201	XASEQ	3	RES_BS	Blood Sampling for Research Purposes	2020-09-17T09:05	CRF	""
BNT162-01	XA	BNT162-01-276-02-0203	XASEQ	3	RES_BS	Blood Sampling for Research Purposes	2020-09-11T08:27	CRF	""
BNT162-01	XA	BNT162-01-276-02-0203	XASEQ	4	RES_BS	Blood Sampling for Research Purposes	2020-10-23T07:46	CRF	""
BNT162-01	XA	BNT162-01-276-02-0204	XASEQ	3	RES_BS	Blood Sampling for Research Purposes	2020-09-11T07:35	CRF	""
BNT162-01	XA	BNT162-01-276-02-0204	XASEQ	4	RES_BS	Blood Sampling for Research Purposes	2020-10-23T07:56	CRF	""
BNT162-01	XA	BNT162-01-276-02-0207	XASEQ	1	RES_BS	Blood Sampling for Research Purposes	2020-10-21T08:06	CRF	""
BNT162-01	XA	BNT162-01-276-02-0208	XASEQ	1	RES_BS	Blood Sampling for Research Purposes	2020-10-06T09:35	CRF	""
BNT162-01	XA	BNT162-01-276-02-0211	XASEQ	1	RES_BS	Blood Sampling for Research Purposes	2020-10-20T07:27	CRF	""
BNT162-01	XA	BNT162-01-276-02-0214	XASEQ	1	RES_BS	Blood Sampling for Research Purposes	2020-10-07T08:10	CRF	""
BNT162-01	XA	BNT162-01-276-02-0215	XASEQ	1	RES_BS	Blood Sampling for Research Purposes	2020-10-14T07:47	CRF	""
BNT162-01	XA	BNT162-01-276-02-0216	XASEQ	1	RES_BS	Blood Sampling for Research Purposes	2020-10-06T09:50	CRF	""
BNT162-01	XA	BNT162-01-276-02-0220	XASEQ	1	RES_BS	Blood Sampling for Research Purposes	2020-10-20T08:53	CRF	""
BNT162-01	XA	BNT162-01-276-02-0221	XASEQ	1	RES_BS	Blood Sampling for Research Purposes	2020-10-13T09:32	CRF	""
BNT162-01	XA	BNT162-01-276-02-0222	XASEQ	1	RES_BS	Blood Sampling for Research Purposes	2020-10-07T07:29	CRF	""
BNT162-01	XA	BNT162-01-276-02-0223	XASEQ	1	RES_BS	Blood Sampling for Research Purposes	2020-10-07T07:43	CRF	""
BNT162-01	XA	BNT162-01-276-02-0224	XASEQ	1	RES_BS	Blood Sampling for Research Purposes	2020-10-13T08:25	CRF	""
BNT162-01	XA	BNT162-01-276-02-0225	XASEQ	1	RES_BS	Blood Sampling for Research Purposes	2020-10-07T09:45	CRF	""
BNT162-01	XA	BNT162-01-276-02-0226	XASEQ	1	RES_BS	Blood Sampling for Research Purposes	2020-10-13T07:20	CRF	""
BNT162-01	XA	BNT162-01-276-02-0227	XASEQ	1	RES_BS	Blood Sampling for Research Purposes	2020-10-23T09:05	CRF	""
BNT162-01	XA	BNT162-01-276-02-0229	XASEQ	1	RES_BS	Blood Sampling for Research Purposes	2020-10-13T07:51	CRF	""
BNT162-01	XA	BNT162-01-276-02-0233	XASEQ	1	RES_BS	Blood Sampling for Research Purposes	2020-10-13T07:30	CRF	""
BNT162-01	XA	BNT162-01-276-02-0234	XASEQ	1	RES_BS	Blood Sampling for Research Purposes	2020-10-21T07:46	CRF	""
BNT162-01	XA	BNT162-01-276-02-0236	XASEQ	1	RES_BS	Blood Sampling for Research Purposes	2020-10-23T07:26	CRF	""
BNT162-01	XA	BNT162-01-276-02-0238	XASEQ	1	RES_BS	Blood Sampling for Research Purposes	2020-10-23T08:55	CRF	""
BNT162-01	XA	BNT162-01-276-02-0239	XASEQ	1	RES_BS	Blood Sampling for Research Purposes	2020-10-21T08:11	CRF	""
BNT162-01	XA	BNT162-01-276-02-0241	XASEQ	1	RES_BS	Blood Sampling for Research Purposes	2020-10-21T09:35	CRF	""
BNT162-01	XA	BNT162-01-276-02-0242	XASEQ	1	RES_BS	Blood Sampling for Research Purposes	2020-10-21T09:10	CRF	""
BNT162-01	XA	BNT162-01-276-02-0242	XASEQ	4	ACT_TPT	Actual observation period (hours)	1	CRF	""
BNT162-01	XA	BNT162-01-276-02-0242	XASEQ	4	REASON	Reason	no immunization	CRF	""
BNT162-01	XA	BNT162-01-276-02-0243	XASEQ	1	RES_BS	Blood Sampling for Research Purposes	2020-10-23T08:45	CRF	""
