STUDYID	DOMAIN	USUBJID	CMSEQ	CMTRT	CMMODIFY	CMDECOD	CMINDC	CMDOSTXT	CMDOSU	CMDOSFRQ	CMROUTE	EPOCH	CMSTDTC	CMENDTC	CMSTDY	CMENDY	CMSTRTPT	CMSTTPT	CMENRTPT	CMENTPT
BNT162-01	CM	BNT162-01-276-01-0003	1	Miranova	ETHINYLESTRADIOL;LEVONORGESTREL	ETHINYLESTRADIOL;LEVONORGESTREL	CONTRACEPTION	1	TABLET	PRN	ORAL	""	2019-05	""			BEFORE	STUDY START	""	""
BNT162-01	CM	BNT162-01-276-01-0003	2	Paracetamol 500	PARACETAMOL	PARACETAMOL	HEADACHE	500	mg	ONCE	ORAL	TREATMENT	2020-04-28T14:34	2020-04-28T14:34	1	1	AFTER	STUDY START	""	""
BNT162-01	CM	BNT162-01-276-01-0003	3	Paracetamol 500	PARACETAMOL	PARACETAMOL	HEADACHE	500	mg	ONCE	ORAL	TREATMENT	2020-05-29	2020-05-29	32	32	AFTER	STUDY START	""	""
BNT162-01	CM	BNT162-01-276-01-0004	1	Paracetamol 500	PARACETAMOL	PARACETAMOL	HEADACHE	500	mg	ONCE	ORAL	TREATMENT	2020-05-15T16:00	2020-05-15T16:00	22	22	AFTER	STUDY START	""	""
BNT162-01	CM	BNT162-01-276-01-0004	2	Paracetamol 500	PARACETAMOL	PARACETAMOL	HEADACHE	500	mg	ONCE	ORAL	TREATMENT	2020-05-16T14:00	2020-05-16T14:00	23	23	AFTER	STUDY START	""	""
BNT162-01	CM	BNT162-01-276-01-0005	1	Paracetamol	PARACETAMOL	PARACETAMOL	HEADACHE	1000	mg	ONCE	ORAL	TREATMENT	2020-05-12T18:30	2020-05-12T18:30	19	19	AFTER	STUDY START	""	""
BNT162-01	CM	BNT162-01-276-01-0005	2	Paracetamol	PARACETAMOL	PARACETAMOL	HEADACHE	1000	mg	ONCE	ORAL	TREATMENT	2020-05-13T15:00	2020-05-13T15:00	20	20	AFTER	STUDY START	""	""
BNT162-01	CM	BNT162-01-276-01-0005	3	Paracetamol	PARACETAMOL	PARACETAMOL	HEADACHE	1500	mg	ONCE	ORAL	TREATMENT	2020-06-02T18:00	2020-06-03T09:30	40	41	AFTER	STUDY START	""	""
BNT162-01	CM	BNT162-01-276-01-0005	4	Paracetamol 500	PARACETAMOL	PARACETAMOL	FLU LIKE SYMPTOMS (CHILLS, MALAISE, MYALGIA, ARTHRALGIA, INTERMITTENT HEADACHE, TIREDNESS)	2x500	mg	ONCE	ORAL	TREATMENT	2020-05-15T20:00	2020-05-15T20:00	22	22	AFTER	STUDY START	""	""
BNT162-01	CM	BNT162-01-276-01-0005	5	Paracetamol 500	PARACETAMOL	PARACETAMOL	FLU LIKE SYMPTOMS (CHILLS, MALAISE, MYALGIA, ARTHRALGIA, INTERMITTENT HEADACHE, TIREDNESS)	2x500	mg	ONCE	ORAL	TREATMENT	2020-05-17T10:00	2020-05-17T10:00	24	24	AFTER	STUDY START	""	""
BNT162-01	CM	BNT162-01-276-01-0005	6	Paracetamol Tbl.	PARACETAMOL	PARACETAMOL	HEADACHE	500	mg	ONCE	ORAL	TREATMENT	2020-04-24T15:30	2020-04-24T15:30	1	1	AFTER	STUDY START	""	""
BNT162-01	CM	BNT162-01-276-01-0005	7	Paracetamol Tbl.	PARACETAMOL	PARACETAMOL	HEADACHE	500	mg	ONCE	ORAL	TREATMENT	2020-04-24T19:30	2020-04-24T19:30	1	1	AFTER	STUDY START	""	""
BNT162-01	CM	BNT162-01-276-01-0006	1	Ibuprofen 400	IBUPROFEN	IBUPROFEN	GINGIVITIS	400	mg	QD	ORAL	TREATMENT	2020-05-15T17:00	2020-05-16T16:00	18	19	AFTER	STUDY START	""	""
BNT162-01	CM	BNT162-01-276-01-0006	2	Paracetamol 500	PARACETAMOL	PARACETAMOL	GINGIVITIS	500	mg	QD	ORAL	TREATMENT	2020-05-12T17:00	2020-05-14T16:00	15	17	AFTER	STUDY START	""	""
BNT162-01	CM	BNT162-01-276-01-0006	3	Paracetamol 500	PARACETAMOL	PARACETAMOL	FLU-LIKE SYMPTOMS	500	mg	ONCE	ORAL	TREATMENT	2020-05-20T04:00	2020-05-20T04:00	23	23	AFTER	STUDY START	""	""
BNT162-01	CM	BNT162-01-276-01-0006	4	Septanest 1:100000	SEPTANEST	ARTICAINE HYDROCHLORIDE;EPINEPHRINE BITARTRATE	GINGIVITIS (DENTAL TREATMENT OF THE CAUSE OF GINGIVITIS)	40/1	OTHER	ONCE	SUBCUTANEOUS	TREATMENT	2020-05-15T10:00	2020-05-15T10:00	18	18	AFTER	STUDY START	""	""
BNT162-01	CM	BNT162-01-276-01-0007	1	Paracetamol 500	PARACETAMOL	PARACETAMOL	HEADACHE	500	mg	ONCE	ORAL	TREATMENT	2020-04-24T14:00	2020-04-24T14:00	2	2	AFTER	STUDY START	""	""
BNT162-01	CM	BNT162-01-276-01-0007	2	Paracetamol 500	PARACETAMOL	PARACETAMOL	HEADACHE INTERMITTENT	500	mg	ONCE	ORAL	TREATMENT	2020-04-27T19:00	2020-04-27T19:00	5	5	AFTER	STUDY START	""	""
BNT162-01	CM	BNT162-01-276-01-0007	3	Paracetamol 500	PARACETAMOL	PARACETAMOL	HEADACHE	500	mg	ONCE	ORAL	TREATMENT	2020-05-13T16:00	2020-05-13T16:00	21	21	AFTER	STUDY START	""	""
BNT162-01	CM	BNT162-01-276-01-0007	4	Paracetamol 500	PARACETAMOL	PARACETAMOL	FLU-LIKE SYMPTOMS (INCL. INTERMITT. HEADACHE)	500	mg	ONCE	ORAL	TREATMENT	2020-05-15T20:00	2020-05-15T20:00	23	23	AFTER	STUDY START	""	""
BNT162-01	CM	BNT162-01-276-01-0007	5	Paracetamol 500	PARACETAMOL	PARACETAMOL	HEADACHE	500	mg	ONCE	ORAL	TREATMENT	2020-05-22T09:00	2020-05-22T09:00	30	30	AFTER	STUDY START	""	""
BNT162-01	CM	BNT162-01-276-01-0008	1	Cetirizin	CETIRIZIN	CETIRIZINE HYDROCHLORIDE	RHINITIS ALLERGICA	10	mg	ONCE	ORAL	TREATMENT	2020-05-27T11:00	2020-05-27T11:00	30	30	AFTER	STUDY START	""	""
BNT162-01	CM	BNT162-01-276-01-0008	2	Cetirizin	CETIRIZIN	CETIRIZINE HYDROCHLORIDE	RHINITIS ALLERGICA	10	mg	ONCE	ORAL	TREATMENT	2020-05-29T12:15	2020-05-29T12:15	32	32	AFTER	STUDY START	""	""
BNT162-01	CM	BNT162-01-276-01-0008	3	Cetirizin	CETIRIZIN	CETIRIZINE HYDROCHLORIDE	RHINITIS ALLERGICA	10	mg	QD	ORAL	TREATMENT	2020-06-01T11:00	2020-06-02T10:00	35	36	AFTER	STUDY START	""	""
BNT162-01	CM	BNT162-01-276-01-0008	4	Cetirizin	CETIRIZIN	CETIRIZINE HYDROCHLORIDE	RHINITIS ALLERGICA	10	mg	ONCE	ORAL	TREATMENT	2020-06-04T09:00	2020-06-04T09:00	38	38	AFTER	STUDY START	""	""
BNT162-01	CM	BNT162-01-276-01-0008	5	Cetirizin	CETIRIZIN	CETIRIZINE HYDROCHLORIDE	RHINITIS ALLERGICA	10	mg	ONCE	ORAL	TREATMENT	2020-06-07T09:00	2020-06-07T09:00	41	41	AFTER	STUDY START	""	""
BNT162-01	CM	BNT162-01-276-01-0008	6	Cetirizin	CETIRIZIN	CETIRIZINE HYDROCHLORIDE	POLLINOSIS	10	mg	ONCE	ORAL	FOLLOW-UP	2020-06-18T08:00	2020-06-18T08:00	52	52	AFTER	STUDY START	""	""
BNT162-01	CM	BNT162-01-276-01-0008	7	Cetirizin	CETIRIZIN	CETIRIZINE HYDROCHLORIDE	POLLINOSIS	10	mg	ONCE	ORAL	FOLLOW-UP	2020-07-16T13:00	2020-07-16T13:00	80	80	AFTER	STUDY START	""	""
BNT162-01	CM	BNT162-01-276-01-0008	8	Cetirizin ADGC	CETIRIZIN ADGC	CETIRIZINE HYDROCHLORIDE	POLLEN ALLERGY	10	mg	ONCE	ORAL	TREATMENT	2020-06-10T10:00	2020-06-10T10:00	44	44	AFTER	STUDY START	""	""
BNT162-01	CM	BNT162-01-276-01-0008	9	Cetirizin ADGC	CETIRIZIN ADGC	CETIRIZINE HYDROCHLORIDE	POLLEN ALLERGY	10	mg	ONCE	ORAL	TREATMENT	2020-06-12T12:00	2020-06-12T12:00	46	46	AFTER	STUDY START	""	""
BNT162-01	CM	BNT162-01-276-01-0008	10	Cetirizin ADGC	CETIRIZIN ADGC	CETIRIZINE HYDROCHLORIDE	POLLEN ALLERGY	10	mg	ONCE	ORAL	TREATMENT	2020-06-14T12:00	2020-06-14T12:00	48	48	AFTER	STUDY START	""	""
BNT162-01	CM	BNT162-01-276-01-0008	11	Paracetamol 500	PARACETAMOL	PARACETAMOL	FLU-LIKE SYMPTOMS	2x500	mg	ONCE	ORAL	TREATMENT	2020-05-19T21:30	2020-05-19T21:30	22	22	AFTER	STUDY START	""	""
BNT162-01	CM	BNT162-01-276-01-0008	12	Paracetamol 500	PARACETAMOL	PARACETAMOL	FLU-LIKE SYMPTOMS	1000	mg	TID	ORAL	TREATMENT	2020-05-20T01:40	2020-05-20T16:30	23	23	AFTER	STUDY START	""	""
BNT162-01	CM	BNT162-01-276-01-0010	1	Ibuprofen	IBUPROFEN	IBUPROFEN	INTERMITTENT FEVER UP TO 39,3 DEGREE C	400	mg	ONCE	ORAL	TREATMENT	2020-05-12T23:00	2020-05-12T23:00	19	19	AFTER	STUDY START	""	""
BNT162-01	CM	BNT162-01-276-01-0010	2	Ibuprofen	IBUPROFEN	IBUPROFEN	MALAISE / MYALGIA	400	mg	BID	ORAL	TREATMENT	2020-05-13T09:00	2020-05-16T19:00	20	23	AFTER	STUDY START	""	""
BNT162-01	CM	BNT162-01-276-01-0010	3	Paracetamol	PARACETAMOL	PARACETAMOL	FLU-LIKE SYMPTOMS	500	mg	ONCE	ORAL	TREATMENT	2020-04-25T11:00	2020-04-25T11:00	2	2	AFTER	STUDY START	""	""
BNT162-01	CM	BNT162-01-276-01-0010	4	Paracetamol	PARACETAMOL	PARACETAMOL	FLU-LIKE SYMPTOMS	500	mg	ONCE	ORAL	TREATMENT	2020-04-26	2020-04-26	3	3	AFTER	STUDY START	""	""
BNT162-01	CM	BNT162-01-276-01-0010	5	Paracetamol	PARACETAMOL	PARACETAMOL	FLU-LIKE SYMPTOMS	500	mg	OTHER	ORAL	TREATMENT	2020-05-02T18:30	2020-05-05T20:00	9	12	AFTER	STUDY START	""	""
BNT162-01	CM	BNT162-01-276-01-0010	6	Scandicain 1%	SCANDICAIN [MEPIVACAINE HYDROCHLORIDE]	MEPIVACAINE HYDROCHLORIDE	VERRUCA OPERATION IN LOCAL ANESTHESIA	30	mg	ONCE	SUBCUTANEOUS	TREATMENT	2020-05-08	2020-05-08	15	15	AFTER	STUDY START	""	""
BNT162-01	CM	BNT162-01-276-01-0015	1	ASS 100	ASPIRIN [ACETYLSALICYLIC ACID]	ACETYLSALICYLIC ACID	HEADACHE	100	mg	ONCE	ORAL	TREATMENT	2020-05-20T20:00	2020-05-20T20:00	22	22	AFTER	STUDY START	""	""
BNT162-01	CM	BNT162-01-276-01-0016	1	Lora ADGC	LORA ADGC	LORATADINE	RHINITIS ALLERGICA	1	TABLET	ONCE	ORAL	SCREENING	2020-04-12	2020-04-12	-17	-17	BEFORE	STUDY START	""	""
BNT162-01	CM	BNT162-01-276-01-0016	2	Paracetamol 500	PARACETAMOL	PARACETAMOL	FLU-LIKE SYMPTOMS	500	mg	ONCE	ORAL	TREATMENT	2020-04-30T00:45	2020-04-30T00:45	2	2	AFTER	STUDY START	""	""
BNT162-01	CM	BNT162-01-276-01-0016	3	Paracetamol 500	PARACETAMOL	PARACETAMOL	FLU LIKE SYMPTOMS	500	mg	ONCE	ORAL	TREATMENT	2020-05-21T03:30	2020-05-21T03:30	23	23	AFTER	STUDY START	""	""
BNT162-01	CM	BNT162-01-276-01-0017	1	Brimodin AL 2mg	BRIMONIDIN AL	BRIMONIDINE TARTRATE	GLAUCOMA	1	gtt	BID	CONJUNCTIVAL	""	2018	""			BEFORE	STUDY START	""	""
BNT162-01	CM	BNT162-01-276-01-0017	2	Dorzolamid AL Comp. (20mg/5mg)	DORZOLAMID AL COMP	DORZOLAMIDE HYDROCHLORIDE;TIMOLOL MALEATE	GLAUCOMA	1	gtt	BID	CONJUNCTIVAL	""	2018	""			BEFORE	STUDY START	""	""
BNT162-01	CM	BNT162-01-276-01-0017	3	Lumigan 0.1 mg	LUMIGAN	BIMATOPROST	GLAUCOMA	1	gtt	QD	CONJUNCTIVAL	""	2018	""			BEFORE	STUDY START	""	""
BNT162-01	CM	BNT162-01-276-01-0017	4	Paracetamol 500	PARACETAMOL	PARACETAMOL	MUSCLE PAIN IN LUMBAR REGION	500	mg	BID	ORAL	TREATMENT	2020-05-20T10:30	2020-05-20T19:00	23	23	AFTER	STUDY START	""	""
BNT162-01	CM	BNT162-01-276-01-0018	1	Levonance	ETHINYLESTRADIOL;LEVONORGESTREL	ETHINYLESTRADIOL;LEVONORGESTREL	CONTRACEPTION	0,03; 0,15	mg	PRN	ORAL	""	2017	""			BEFORE	STUDY START	""	""
BNT162-01	CM	BNT162-01-276-01-0019	1	Paracetamol 500	PARACETAMOL	PARACETAMOL	FLU LIKE SYMPTOMS	1000	mg	TID	ORAL	TREATMENT	2020-05-20T08:00	2020-05-20T20:00	23	23	AFTER	STUDY START	""	""
BNT162-01	CM	BNT162-01-276-01-0019	2	Paracetamol 500	PARACETAMOL	PARACETAMOL	INTERMITTENT HEADACHE	500	mg	BID	ORAL	TREATMENT	2020-05-21T08:00	2020-05-21T13:00	24	24	AFTER	STUDY START	""	""
BNT162-01	CM	BNT162-01-276-01-0019	3	Paracetamol 500	PARACETAMOL	PARACETAMOL	INTERMITTENT HEADACHE	500	mg	TID	ORAL	TREATMENT	2020-05-24T07:30	2020-05-26T19:00	27	29	AFTER	STUDY START	""	""
BNT162-01	CM	BNT162-01-276-01-0020	1	Ibuprofen Tbl. 400mg	IBUPROFEN	IBUPROFEN	LUMBALGIA	400	mg	ONCE	ORAL	TREATMENT	2020-06-13T11:30	2020-06-13T11:31	46	46	AFTER	STUDY START	""	""
BNT162-01	CM	BNT162-01-276-01-0020	2	Sayana 104 mg/ 0,65 ml	MEDROXYPROGESTERONE ACETATE	MEDROXYPROGESTERONE ACETATE	CONTRACEPTION	104	mg	OTHER	SUBCUTANEOUS	""	1998	""			BEFORE	STUDY START	""	""
BNT162-01	CM	BNT162-01-276-01-0021	1	Paracetamol 500	PARACETAMOL	PARACETAMOL	INJECTION SITE REACTIONS (PAIN, DISCOMFORT WITH MOVEMENT); FLU-LIKE SYMPTOMS	500	mg	ONCE	ORAL	TREATMENT	2020-05-26T16:00	2020-05-26T16:00	22	22	AFTER	STUDY START	""	""
BNT162-01	CM	BNT162-01-276-01-0025	1	Hylodual Drops	HYLO DUAL	ECTOINE;HYALURONATE SODIUM	TIRED IRRITATED EYES	1	gtt	QID	OPHTHALMIC	TREATMENT	2020-05-28T17:00	2020-05-31T22:00	24	27	AFTER	STUDY START	""	""
BNT162-01	CM	BNT162-01-276-01-0025	2	Tears again Spray	TEARS AGAIN [GLYCINE MAX EXTRACT;PHENOXYETHANOL;RETINOL PALMITATE;TOCOPHERYL ACETATE]	GLYCINE MAX EXTRACT;PHENOXYETHANOL;RETINOL PALMITATE;TOCOPHERYL ACETATE	TIRED IRRITATED EYES	1	PUFF	QID	OPHTHALMIC	TREATMENT	2020-05-28T17:00	2020-05-28T21:00	24	24	AFTER	STUDY START	""	""
BNT162-01	CM	BNT162-01-276-01-0028	1	Paracetamol	PARACETAMOL	PARACETAMOL	HEADACHE	500	mg	ONCE	ORAL	TREATMENT	2020-05-28T22:00	2020-05-28T22:00	22	22	AFTER	STUDY START	""	""
BNT162-01	CM	BNT162-01-276-01-0028	2	Paracetamol	PARACETAMOL	PARACETAMOL	FLUE LIKE SYMPTOMS	500	mg	TWICE	ORAL	TREATMENT	2020-05-29T03:00	2020-05-29T06:30	23	23	AFTER	STUDY START	""	""
BNT162-01	CM	BNT162-01-276-01-0028	3	Paracetamol	PARACETAMOL	PARACETAMOL	FLUE LIKE SYMPTOMS	500	mg	ONCE	ORAL	TREATMENT	2020-05-29T15:00	2020-05-29T15:00	23	23	AFTER	STUDY START	""	""
BNT162-01	CM	BNT162-01-276-01-0028	4	Paracetamol 500	PARACETAMOL	PARACETAMOL	HEADACHE	500	mg	ONCE	ORAL	TREATMENT	2020-05-07T22:00	2020-05-07T22:00	1	1	AFTER	STUDY START	""	""
BNT162-01	CM	BNT162-01-276-01-0031	1	Ibuprofen	IBUPROFEN	IBUPROFEN	PAIN RIGHT ELBOW	600	mg	TID	ORAL	TREATMENT	2020-06-14T11:00	2020-06-18T15:00	39	43	AFTER	STUDY START	""	""
BNT162-01	CM	BNT162-01-276-01-0031	2	Paracetamol	PARACETAMOL	PARACETAMOL	FLU LIKE SYMPTOMS;INJECTION SITE REACTIONS	500	mg	TWICE	ORAL	TREATMENT	2020-05-28T22:15	2020-05-29T09:30	22	23	AFTER	STUDY START	""	""
BNT162-01	CM	BNT162-01-276-01-0031	3	Paracetamol	PARACETAMOL	PARACETAMOL	PAIN RIGHT ELBOW	500	mg	ONCE	ORAL	TREATMENT	2020-06-13T20:00	2020-06-13T20:00	38	38	AFTER	STUDY START	""	""
BNT162-01	CM	BNT162-01-276-01-0031	4	Paracetamol 500	PARACETAMOL	PARACETAMOL	INJECTION SITE REACTIONS (PAIN, DISCOMFORT WITH MOVEMENT)	500	mg	BID	ORAL	TREATMENT	2020-05-07T21:00	2020-05-08T14:00	1	2	AFTER	STUDY START	""	""
BNT162-01	CM	BNT162-01-276-01-0031	5	Paracetamol Suppositorium	PARACETAMOL	PARACETAMOL	FLU-LIKE SYMPTOMS	1000	mg	QD	RECTAL	TREATMENT	2020-05-08T05:45	2020-05-08T05:45	2	2	AFTER	STUDY START	""	""
BNT162-01	CM	BNT162-01-276-01-0031	6	Paracetamol supp	PARACETAMOL	PARACETAMOL	FLU LIKE SYMPTOMS	1000	mg	ONCE	RECTAL	TREATMENT	2020-05-29T04:30	2020-05-29T04:30	23	23	AFTER	STUDY START	""	""
BNT162-01	CM	BNT162-01-276-01-0033	1	Paracetamol Tabl.	PARACETAMOL	PARACETAMOL	FLUE LIKE SYMPTOMS	500	mg	BID	ORAL	TREATMENT	2020-05-27T17:00	2020-05-27T22:00	23	23	AFTER	STUDY START	""	""
BNT162-01	CM	BNT162-01-276-01-0034	1	Paracetamol	PARACETAMOL	PARACETAMOL	FLU-LIKE SYMPTOMS (HEADACHE, DIZZNESS, TIREDNESS, WEARINESS, SHIVERING)	500	mg	ONCE	ORAL	TREATMENT	2020-05-05T23:30	2020-05-05T23:30	1	1	AFTER	STUDY START	""	""
BNT162-01	CM	BNT162-01-276-01-0034	2	Paracetamol	PARACETAMOL	PARACETAMOL	FLU-LIKE SYMPTOM (MYALGIA, ARTHRALGIA, CHILLS, MALAISE, TIREDNESS, PYREXIA, HEADACHE)	500	mg	BID	ORAL	TREATMENT	2020-05-26T19:30	2020-05-26T23:00	22	22	AFTER	STUDY START	""	""
BNT162-01	CM	BNT162-01-276-01-0034	3	Paracetamol	PARACETAMOL	PARACETAMOL	FLU-LIKE SYMPTOM (MYALGIA, ARTHRALGIA, CHILLS, MALAISE, TIREDNESS, PYREXIA, HEADACHE)	500	mg	ONCE	ORAL	TREATMENT	2020-05-27T10:00	2020-05-27T10:00	23	23	AFTER	STUDY START	""	""
BNT162-01	CM	BNT162-01-276-01-0036	1	Maxime (R)	DIENOGEST;ETHINYLESTRADIOL	DIENOGEST;ETHINYLESTRADIOL	CONTRACEPTION	1x1	TABLET	PRN	ORAL	""	2019-11	""			BEFORE	STUDY START	""	""
BNT162-01	CM	BNT162-01-276-01-0037	1	Paracetamol 500	PARACETAMOL	PARACETAMOL	FLU-LIKE SYMPTOMS	500	mg	QD	ORAL	TREATMENT	2020-05-26T18:00	2020-05-28T18:00	22	24	AFTER	STUDY START	""	""
BNT162-01	CM	BNT162-01-276-01-0037	2	Paracetamol 500 mg	PARACETAMOL	PARACETAMOL	HEADACHE	500	mg	ONCE	ORAL	TREATMENT	2020-06-17T07:30	2020-06-17T07:30	44	44	AFTER	STUDY START	""	""
BNT162-01	CM	BNT162-01-276-01-0039	1	Paracetamol	PARACETAMOL	PARACETAMOL	FLU-LIKE SYMPTOMS (HEADACHE, ELEVATED BODY TEMPERATURE)	500	mg	ONCE	ORAL	TREATMENT	2020-05-07T19:00	2020-05-07T19:00	1	1	AFTER	STUDY START	""	""
BNT162-01	CM	BNT162-01-276-01-0039	2	Paracetamol	PARACETAMOL	PARACETAMOL	FLU-LIKE SYMPTOMS (HEADACHE, ELEVATED BODY TEMPERATURE)	500	mg	ONCE	ORAL	TREATMENT	2020-05-07T22:00	2020-05-07T22:00	1	1	AFTER	STUDY START	""	""
BNT162-01	CM	BNT162-01-276-01-0039	3	Paracetamol	PARACETAMOL	PARACETAMOL	FLU-LIKE SYMPTOMS (INCL. DIZZINESS, HEADACHE)	500	mg	TID	ORAL	TREATMENT	2020-05-28T20:00	2020-05-28T22:00	22	22	AFTER	STUDY START	""	""
BNT162-01	CM	BNT162-01-276-01-0040	1	Ibuprofen Tbl.	IBUPROFEN	IBUPROFEN	FLU LIKE SYMPTOMS (HEADACHE, MYALGIA, ARTHRALGIA, NAUSEA, TIREDNESS)	800	mg	TID	ORAL	TREATMENT	2020-06-08T12:00	2020-06-09	32	33	AFTER	STUDY START	""	""
BNT162-01	CM	BNT162-01-276-01-0040	2	Ibuprofen Tbl.	IBUPROFEN	IBUPROFEN	FLU LIKE SYMPTOMS (HEADACHE, MYALGIA, ARTHRALGIA, NAUSEA, TIREDNESS)	400	mg	TID	ORAL	TREATMENT	2020-06-10T09:00	2020-06-11T06:00	34	35	AFTER	STUDY START	""	""
BNT162-01	CM	BNT162-01-276-01-0040	3	Ibuprofen Tbl.	IBUPROFEN	IBUPROFEN	CERVICOBRACHIALGIA	400	mg	TID	ORAL	TREATMENT	2020-06-25T06:00	2020-07-01T06:00	49	55	AFTER	STUDY START	""	""
BNT162-01	CM	BNT162-01-276-01-0040	4	Paracetamol	PARACETAMOL	PARACETAMOL	FLU LIKE SYMPTOMS (HEADACHE, MYALGIA, ARTHRALGIA, NAUSEA, TIREDNESS)	500	mg	ONCE	ORAL	TREATMENT	2020-05-29T12:37	2020-05-29T12:37	22	22	AFTER	STUDY START	""	""
BNT162-01	CM	BNT162-01-276-01-0040	5	Paracetamol	PARACETAMOL	PARACETAMOL	FLU LIKE SYMPTOMS (HEADACHE, MYALGIA, ARTHRALGIA, NAUSEA, TIREDNESS)	1000	mg	ONCE	RECTAL	TREATMENT	2020-05-29T15:10	2020-05-29T15:10	22	22	AFTER	STUDY START	""	""
BNT162-01	CM	BNT162-01-276-01-0040	6	Paracetamol Tabl.	PARACETAMOL	PARACETAMOL	FLU LIKE SYMPTOMS (HEADACHE, MYALGIA, ARTHRALGIA, NAUSEA, TIREDNESS)	500	mg	QD	ORAL	TREATMENT	2020-05-29T18:00	2020-05-30T00:00	22	23	AFTER	STUDY START	""	""
BNT162-01	CM	BNT162-01-276-01-0040	7	Paracetamol Tabl.	PARACETAMOL	PARACETAMOL	FLU LIKE SYMPTOMS (HEADACHE, MYALGIA, ARTHRALGIA, NAUSEA, TIREDNESS)	1000	mg	BID	ORAL	TREATMENT	2020-05-30T04:00	2020-05-30T09:00	23	23	AFTER	STUDY START	""	""
BNT162-01	CM	BNT162-01-276-01-0040	8	Paracetamol Tabl.	PARACETAMOL	PARACETAMOL	FLU LIKE SYMPTOMS (HEADACHE, MYALGIA, ARTHRALGIA, NAUSEA, TIREDNESS)	1000	mg	ONCE	ORAL	TREATMENT	2020-05-31T20:00	2020-05-31T20:00	24	24	AFTER	STUDY START	""	""
BNT162-01	CM	BNT162-01-276-01-0040	9	Paracetamol Tabl.	PARACETAMOL	PARACETAMOL	FLU LIKE SYMPTOMS (HEADACHE, MYALGIA, ARTHRALGIA, NAUSEA, TIREDNESS)	1000	mg	ONCE	ORAL	TREATMENT	2020-06-01T04:00	2020-06-01T04:00	25	25	AFTER	STUDY START	""	""
BNT162-01	CM	BNT162-01-276-01-0040	10	Paracetamol Tbl.	PARACETAMOL	PARACETAMOL	FLU LIKE SYMPTOMS (HEADACHE, MYALGIA, ARTHRALGIA, NAUSEA, TIREDNESS)	1000	mg	BID	ORAL	TREATMENT	2020-06-02T10:00	2020-06-02T16:00	26	26	AFTER	STUDY START	""	""
BNT162-01	CM	BNT162-01-276-01-0040	11	Paracetamol Tbl.	PARACETAMOL	PARACETAMOL	FLU LIKE SYMPTOMS (HEADACHE, MYALGIA, ARTHRALGIA, NAUSEA, TIREDNESS)	500	mg	Q6H	ORAL	TREATMENT	2020-06-04T06:00	2020-06-08T12:00	28	32	AFTER	STUDY START	""	""
BNT162-01	CM	BNT162-01-276-01-0040	12	Paracetamol Tbl.	PARACETAMOL	PARACETAMOL	CERVICOBRACHIALGIA	500	mg	BID	ORAL	FOLLOW-UP	2020-07-10T06:00	2020-08-01T06:00	64	86	AFTER	STUDY START	""	""
BNT162-01	CM	BNT162-01-276-01-0041	1	Ibuprofen Tbl.	IBUPROFEN	IBUPROFEN	PAIN INJECTION ARM	400	mg	TID	ORAL	TREATMENT	2020-06-08T10:00	2020-06-11T14:00	32	35	AFTER	STUDY START	""	""
BNT162-01	CM	BNT162-01-276-01-0041	2	Naratriptan	NARATRIPTAN	NARATRIPTAN	MIGRAINE	2,5	mg	ONCE	ORAL	FOLLOW-UP	2020-06-29T11:00	2020-06-29T11:00	53	53	AFTER	STUDY START	""	""
BNT162-01	CM	BNT162-01-276-01-0041	3	Paracetamol	PARACETAMOL	PARACETAMOL	MIGRAINE	500	mg	ONCE	ORAL	SCREENING	2020-04-28T08:38	2020-04-28T08:38	-10	-10	AFTER	STUDY START	""	""
BNT162-01	CM	BNT162-01-276-01-0041	4	Paracetamol	PARACETAMOL	PARACETAMOL	HEADACHE	500	mg	ONCE	ORAL	TREATMENT	2020-05-28T18:30	2020-05-28T18:30	21	21	AFTER	STUDY START	""	""
BNT162-01	CM	BNT162-01-276-01-0041	5	Paracetamol	PARACETAMOL	PARACETAMOL	HEADACHE	1000	mg	ONCE	ORAL	TREATMENT	2020-05-29T09:55	2020-05-29T09:55	22	22	AFTER	STUDY START	""	""
BNT162-01	CM	BNT162-01-276-01-0041	6	Paracetamol	PARACETAMOL	PARACETAMOL	FLU LIKE SYMPTOMS	500	mg	BID	ORAL	TREATMENT	2020-05-29T17:15	2020-05-29T22:00	22	22	AFTER	STUDY START	""	""
BNT162-01	CM	BNT162-01-276-01-0041	7	Paracetamol	PARACETAMOL	PARACETAMOL	FLU LIKE SYMPTOMS	1000	mg	TID	ORAL	TREATMENT	2020-05-30T07:15	2020-05-30T17:00	23	23	AFTER	STUDY START	""	""
BNT162-01	CM	BNT162-01-276-01-0041	8	Paracetamol Tbl.	PARACETAMOL	PARACETAMOL	HEADACHE	500	mg	BID	ORAL	TREATMENT	2020-06-04T10:30	2020-06-08T08:00	28	32	AFTER	STUDY START	""	""
BNT162-01	CM	BNT162-01-276-01-0042	1	Clexane	CLEXANE	ENOXAPARIN SODIUM	THROMBOSIS PROPHYLAXIS	40	mg	QD	SUBCUTANEOUS	FOLLOW-UP	2020-07-22T17:00	""	76		AFTER	STUDY START	""	""
BNT162-01	CM	BNT162-01-276-01-0042	2	Ibuprofen	IBUPROFEN	IBUPROFEN	POST SURGERY OF HALLUX VALGUS	400	mg	BID	ORAL	FOLLOW-UP	2020-07-22T17:00	2020-07-22T22:00	76	76	AFTER	STUDY START	""	""
BNT162-01	CM	BNT162-01-276-01-0042	3	Ibuprofen	IBUPROFEN	IBUPROFEN	POST SURGERY OF HALLUX VALGUS	400	mg	QID	ORAL	FOLLOW-UP	2020-07-23T07:30	""	77		AFTER	STUDY START	""	""
BNT162-01	CM	BNT162-01-276-01-0042	4	Leona Hexal	ETHINYLESTRADIOL;LEVONORGESTREL	ETHINYLESTRADIOL;LEVONORGESTREL	CONTRACEPTION	1x1	TABLET	PRN	ORAL	""	2010	""			BEFORE	STUDY START	""	""
BNT162-01	CM	BNT162-01-276-01-0042	5	Pantoprazol	PANTOPRAZOL [PANTOPRAZOLE]	PANTOPRAZOLE	STOMACH PROTECTION	20	mg	QD	ORAL	FOLLOW-UP	2020-07-23T12:00	""	77		AFTER	STUDY START	""	""
BNT162-01	CM	BNT162-01-276-01-0045	1	Belara 0,03mg/2mg	CHLORMADINONE ACETATE;ETHINYLESTRADIOL	CHLORMADINONE ACETATE;ETHINYLESTRADIOL	CONTRACEPTION	1	TABLET	QD	ORAL	""	2011	""			BEFORE	STUDY START	""	""
BNT162-01	CM	BNT162-01-276-01-0047	1	Paracetamol	PARACETAMOL	PARACETAMOL	FLU-LIKE SYMPTOMS	500	mg	TWICE	ORAL	TREATMENT	2020-05-29T11:00	2020-05-29T21:00	23	23	AFTER	STUDY START	""	""
BNT162-01	CM	BNT162-01-276-01-0049	1	Hylo Comod	HYLO COMOD	HYALURONATE SODIUM	CONJUNCTIVITIS	1	gtt	QH	CONJUNCTIVAL	FOLLOW-UP	2020-07-16T16:15	2020-07-19T16:00	66	69	AFTER	STUDY START	""	""
BNT162-01	CM	BNT162-01-276-01-0049	2	Ofloxacin Ophtal	OFLOXACIN	OFLOXACIN	CONJUNCTIVITIS	1	gtt	QID	CONJUNCTIVAL	FOLLOW-UP	2020-07-16T16:00	2020-07-19T16:00	66	69	AFTER	STUDY START	""	""
BNT162-01	CM	BNT162-01-276-01-0049	3	Paracetamol 500	PARACETAMOL	PARACETAMOL	FLU-LIKE SYMPTOMS (TIREDNESS, MALAISE, FEELING FEVERISH, HEADACHE)	500	mg	ONCE	ORAL	TREATMENT	2020-05-13T14:00	2020-05-13T14:00	2	2	AFTER	STUDY START	""	""
BNT162-01	CM	BNT162-01-276-01-0049	4	Paracetamol 500	PARACETAMOL	PARACETAMOL	NECK PAIN LEFT SIDE	500	mg	ONCE	ORAL	TREATMENT	2020-05-15T14:00	2020-05-15T14:00	4	4	AFTER	STUDY START	""	""
BNT162-01	CM	BNT162-01-276-01-0049	5	Paracetamol 500	PARACETAMOL	PARACETAMOL	FLU-LIKE SYMPTOMS; HEADACHE	500	mg	ONCE	ORAL	TREATMENT	2020-06-02T23:10	2020-06-02T23:10	22	22	AFTER	STUDY START	""	""
BNT162-01	CM	BNT162-01-276-01-0049	6	Paracetamol 500	PARACETAMOL	PARACETAMOL	FLU-LIKE SYMPTOMS; HEADACHE	500	mg	ONCE	ORAL	TREATMENT	2020-06-03T00:30	2020-06-03T00:30	23	23	AFTER	STUDY START	""	""
BNT162-01	CM	BNT162-01-276-01-0049	7	Paracetamol 500	PARACETAMOL	PARACETAMOL	FLU-LIKE SYMPTOMS; HEADACHE	500	mg	TID	ORAL	TREATMENT	2020-06-03T07:15	2020-06-03T20:50	23	23	AFTER	STUDY START	""	""
BNT162-01	CM	BNT162-01-276-01-0049	8	Paracetamol 500mg Tbl.	PARACETAMOL	PARACETAMOL	HEADACHE	500	mg	ONCE	ORAL	FOLLOW-UP	2020-07-17T13:30	2020-07-17T13:30	67	67	AFTER	STUDY START	""	""
BNT162-01	CM	BNT162-01-276-01-0050	1	Ibuprofen	IBUPROFEN	IBUPROFEN	MENSTRUAL PAIN	400	mg	ONCE	ORAL	TREATMENT	2020-05-23T17:20	2020-05-23T17:20	9	9	AFTER	STUDY START	""	""
BNT162-01	CM	BNT162-01-276-01-0050	2	Jaydess jenapharm	JAYDESS	LEVONORGESTREL	CONTRACEPTION	13,5	mg	QD	INTRAUTERINE	""	2019-01-03	""	-498		BEFORE	STUDY START	""	""
BNT162-01	CM	BNT162-01-276-01-0050	3	Paracetamol 500	PARACETAMOL	PARACETAMOL	HEADACHE	500	mg	OTHER	ORAL	TREATMENT	2020-05-15T18:00	2020-05-16T11:30	1	2	AFTER	STUDY START	""	""
BNT162-01	CM	BNT162-01-276-01-0052	1	Ibuprofen	IBUPROFEN	IBUPROFEN	LUMBAGO	800	mg	QD	ORAL	FOLLOW-UP	2020-07-27T10:00	2020-07-27T10:00	81	81	AFTER	STUDY START	""	""
BNT162-01	CM	BNT162-01-276-01-0052	2	Ibuprofen	IBUPROFEN	IBUPROFEN	LUMBAGO	600	mg	BID	ORAL	FOLLOW-UP	2020-07-28T15:10	2020-07-29T22:15	82	83	AFTER	STUDY START	""	""
BNT162-01	CM	BNT162-01-276-01-0052	3	Novaminsulfon AL	NOVAMINSULFON	METAMIZOLE SODIUM	LUMBAGO	500	mg	TID	ORAL	FOLLOW-UP	2020-07-27T15:00	2020-07-28T10:15	81	82	AFTER	STUDY START	""	""
BNT162-01	CM	BNT162-01-276-01-0052	4	Paracetamol 500	PARACETAMOL	PARACETAMOL	HEADACHE	500	mg	ONCE	ORAL	TREATMENT	2020-05-13T19:15	2020-05-13T19:15	6	6	AFTER	STUDY START	""	""
BNT162-01	CM	BNT162-01-276-01-0053	1	Effortil gtt.	ETILEFRINE HYDROCHLORIDE	ETILEFRINE HYDROCHLORIDE	HYPOTENSION DURING BLOOD DRAW FOR CMI	10	mg	ONCE	ORAL	BASELINE	2020-05-12T08:25	2020-05-12T08:25	1	1	AFTER	STUDY START	""	""
BNT162-01	CM	BNT162-01-276-01-0055	1	Benuron Supp	PARACETAMOL	PARACETAMOL	PAIN IN JOINTS AND MUSCLES, LOWER BODY HALF	1000	mg	ONCE	RECTAL	TREATMENT	2020-06-03T18:00	2020-06-03T18:00	22	22	AFTER	STUDY START	""	""
BNT162-01	CM	BNT162-01-276-01-0055	2	Paracetamol 500	PARACETAMOL	PARACETAMOL	HEADACHE	500	mg	ONCE	ORAL	TREATMENT	2020-05-13T18:00	2020-05-13T18:00	1	1	AFTER	STUDY START	""	""
BNT162-01	CM	BNT162-01-276-01-0056	1	Paracetamol 500	PARACETAMOL	PARACETAMOL	FLU-LIKE SYMPTOMS (NAUSEA, HEADACHE, TIREDNESS, MALAISE, CHILLS, PYREXIA INTERMITT., ARTHRALGIA); INJECTION SITE REACTIONS (PAIN, DISCOMFORT WITH MOVEMENT)	500	mg	ONCE	ORAL	TREATMENT	2020-05-14T01:40	2020-05-14T01:40	2	2	AFTER	STUDY START	""	""
BNT162-01	CM	BNT162-01-276-01-0056	2	Paracetamol 500	PARACETAMOL	PARACETAMOL	FLU-LIKE SYMPTOMS (NAUSEA, HEADACHE, TIREDNESS, MALAISE, CHILLS, PYREXIA INTERMITT., ARTHRALGIA)	500	mg	ONCE	ORAL	TREATMENT	2020-05-14T10:00	2020-05-14T10:00	2	2	AFTER	STUDY START	""	""
BNT162-01	CM	BNT162-01-276-01-0056	3	Paracetamol 500 Tbl.	PARACETAMOL	PARACETAMOL	FLU LIKE SYMPTOMS	500	mg	ONCE	ORAL	TREATMENT	2020-06-03T18:00	2020-06-03T18:00	22	22	AFTER	STUDY START	""	""
BNT162-01	CM	BNT162-01-276-01-0056	4	Paracetamol 500 Tbl.	PARACETAMOL	PARACETAMOL	FLU LIKE SYMPTOMS	500	mg	ONCE	ORAL	TREATMENT	2020-06-03T20:00	2020-06-03T20:00	22	22	AFTER	STUDY START	""	""
BNT162-01	CM	BNT162-01-276-01-0056	5	Paracetamol 500 Tbl.	PARACETAMOL	PARACETAMOL	FLU LIKE SYMPTOMS	500	mg	ONCE	ORAL	TREATMENT	2020-06-04T11:00	2020-06-04T11:00	23	23	AFTER	STUDY START	""	""
BNT162-01	CM	BNT162-01-276-01-0056	6	Paracetamol 500 Tbl.	PARACETAMOL	PARACETAMOL	FLU LIKE SYMPTOMS	500	mg	ONCE	ORAL	TREATMENT	2020-06-04T15:00	2020-06-04T15:00	23	23	AFTER	STUDY START	""	""
BNT162-01	CM	BNT162-01-276-01-0056	7	Paracetamol 500 Tbl.	PARACETAMOL	PARACETAMOL	FLU LIKE SYMPTOMS	500	mg	ONCE	ORAL	TREATMENT	2020-06-04T22:00	2020-06-04T22:00	23	23	AFTER	STUDY START	""	""
BNT162-01	CM	BNT162-01-276-01-0056	8	Paracetamol Supp.	PARACETAMOL	PARACETAMOL	FLU LIKE SYMPTOMS	1000	mg	ONCE	RECTAL	TREATMENT	2020-06-03T23:00	2020-06-03T23:00	22	22	AFTER	STUDY START	""	""
BNT162-01	CM	BNT162-01-276-01-0056	9	Paracetamol Supp.	PARACETAMOL	PARACETAMOL	FLU LIKE SYMPTOMS	1000	mg	ONCE	RECTAL	TREATMENT	2020-06-04T02:00	2020-06-04T02:00	23	23	AFTER	STUDY START	""	""
BNT162-01	CM	BNT162-01-276-01-0056	10	Paracetamol Supp.	PARACETAMOL	PARACETAMOL	FLU LIKE SYMPTOMS	1000	mg	ONCE	RECTAL	TREATMENT	2020-06-04T09:00	2020-06-04T09:00	23	23	AFTER	STUDY START	""	""
BNT162-01	CM	BNT162-01-276-01-0056	11	Paracetamol supp.	PARACETAMOL	PARACETAMOL	FLU-LIKE SYMPTOMS (NAUSEA, HEADACHE, TIREDNESS, MALAISE, CHILLS, PYREXIA INTERMITT., ARTHRALGIA)	1000	mg	ONCE	RECTAL	TREATMENT	2020-05-14T18:00	2020-05-14T18:00	2	2	AFTER	STUDY START	""	""
BNT162-01	CM	BNT162-01-276-01-0056	12	Solera Tbl.	CHLORMADINONE ACETATE;ETHINYLESTRADIOL	CHLORMADINONE ACETATE;ETHINYLESTRADIOL	CONTRACEPTION	1	TABLET	QD	ORAL	""	2017-02	""			BEFORE	STUDY START	""	""
BNT162-01	CM	BNT162-01-276-01-0057	1	ASS Tbl	ASPIRIN [ACETYLSALICYLIC ACID]	ACETYLSALICYLIC ACID	HIP PAIN	1000	mg	ONCE	ORAL	FOLLOW-UP	2020-08-07T21:00	2020-08-07T21:00	85	85	AFTER	STUDY START	""	""
BNT162-01	CM	BNT162-01-276-01-0057	2	Canesten 1% Creme	CANESTEN	CLOTRIMAZOLE	TINEA PEDIS OF RIGHT FOOT	1	g	BID	TOPICAL	TREATMENT	2020-06-06T20:00	2020-06-17T20:00	23	34	AFTER	STUDY START	""	""
BNT162-01	CM	BNT162-01-276-01-0057	3	Canesten 1% Creme	CANESTEN	CLOTRIMAZOLE	INGUINAL MYCOSIS	1	g	BID	TOPICAL	TREATMENT	2020-06-13T20:00	2020-06-19T20:00	30	36	AFTER	STUDY START	""	""
BNT162-01	CM	BNT162-01-276-01-0057	4	Paracetamol	PARACETAMOL	PARACETAMOL	FLU-LIKE SYMPTOMS	500	mg	ONCE	ORAL	TREATMENT	2020-05-17T18:00	2020-05-17T18:00	3	3	AFTER	STUDY START	""	""
BNT162-01	CM	BNT162-01-276-01-0057	5	Paracetamol	PARACETAMOL	PARACETAMOL	FLU-LIKE SYMPTOMS (HEADACHE, MYALGIA, ARTHRALGIA, CHILLS, FATIGUE, MALAISE)	500	mg	ONCE	ORAL	TREATMENT	2020-06-05T17:00	2020-06-05T17:00	22	22	AFTER	STUDY START	""	""
BNT162-01	CM	BNT162-01-276-01-0057	6	Paracetamol	PARACETAMOL	PARACETAMOL	FLU-LIKE SYMPTOMS (HEADACHE, MYALGIA, ARTHRALGIA, CHILLS, FATIGUE, MALAISE)	500	mg	ONCE	ORAL	TREATMENT	2020-06-05T19:00	2020-06-05T19:00	22	22	AFTER	STUDY START	""	""
BNT162-01	CM	BNT162-01-276-01-0057	7	Paracetamol	PARACETAMOL	PARACETAMOL	FLU-LIKE SYMPTOMS (HEADACHE, MYALGIA, ARTHRALGIA, CHILLS, FATIGUE, MALAISE)	500	mg	ONCE	ORAL	TREATMENT	2020-06-06T10:00	2020-06-06T10:00	23	23	AFTER	STUDY START	""	""
BNT162-01	CM	BNT162-01-276-01-0059	1	Paracetamol	PARACETAMOL	PARACETAMOL	FLU LIKE SYMPTOMS	500	mg	ONCE	ORAL	TREATMENT	2020-06-03T21:35	2020-06-03T21:35	22	22	AFTER	STUDY START	""	""
BNT162-01	CM	BNT162-01-276-01-0059	2	Paracetamol 500 mg	PARACETAMOL	PARACETAMOL	FLU-LIKE SYMPTOMS (NAUSEA, CHILLS, MALAISE, HEADACHE, PYREXIA 2X, ARTHRALGIA)	500	mg	ONCE	ORAL	TREATMENT	2020-05-13T22:30	2020-05-13T22:30	1	1	AFTER	STUDY START	""	""
BNT162-01	CM	BNT162-01-276-01-0059	3	Paracetamol Supp	PARACETAMOL	PARACETAMOL	FLU-LIKE SYMPTOMS (NAUSEA, CHILLS, MALAISE, HEADACHE, PYREXIA 2X, ARTHRALGIA)	1000	mg	ONCE	RECTAL	TREATMENT	2020-05-13T22:45	2020-05-13T22:45	1	1	AFTER	STUDY START	""	""
BNT162-01	CM	BNT162-01-276-01-0059	4	Paracetamol Supp	PARACETAMOL	PARACETAMOL	FLU LIKE SYMPTOMS	1000	mg	QID	RECTAL	TREATMENT	2020-06-03T20:00	2020-06-04T17:30	22	23	AFTER	STUDY START	""	""
BNT162-01	CM	BNT162-01-276-01-0060	1	Novaminsulfon	NOVAMINSULFON	METAMIZOLE SODIUM	HEADACHE	500	mg	ONCE	ORAL	TREATMENT	2020-05-14T19:10	2020-05-14T19:10	2	2	AFTER	STUDY START	""	""
BNT162-01	CM	BNT162-01-276-01-0060	2	Paracetamol	PARACETAMOL	PARACETAMOL	FLU LIKE SYMPTOMS	500	mg	ONCE	ORAL	TREATMENT	2020-06-04T14:30	2020-06-04T14:30	23	23	AFTER	STUDY START	""	""
BNT162-01	CM	BNT162-01-276-01-0066	1	Paracetamol	PARACETAMOL	PARACETAMOL	HEADACHE; PYREXIA (HIGHEST VALUES 39,2); FLU-LIKE SYMPTOMS	1000	mg	ONCE	ORAL	TREATMENT	2020-05-19T23:10	2020-05-19T23:10	1	1	AFTER	STUDY START	""	""
BNT162-01	CM	BNT162-01-276-01-0066	2	Paracetamol	PARACETAMOL	PARACETAMOL	FLU-LIKE SYMPTOMS	500	mg	ONCE	ORAL	TREATMENT	2020-05-20T13:00	2020-05-20T13:00	2	2	AFTER	STUDY START	""	""
BNT162-01	CM	BNT162-01-276-01-0066	3	Paracetamol	PARACETAMOL	PARACETAMOL	FLU-LIKE SYMPTOMS	500	mg	BID	ORAL	TREATMENT	2020-05-22T08:00	2020-05-22T21:00	4	4	AFTER	STUDY START	""	""
BNT162-01	CM	BNT162-01-276-01-0066	4	Paracetamol	PARACETAMOL	PARACETAMOL	HEADACHE	1000	mg	ONCE	ORAL	TREATMENT	2020-06-12T13:30	2020-06-12T13:30	25	25	AFTER	STUDY START	""	""
BNT162-01	CM	BNT162-01-276-01-0067	1	Paracetamol	PARACETAMOL	PARACETAMOL	FLU-LIKE SYMPTOMS (HEADACHE, MYALGIA, CHILLS, FATIGUE)	500	mg	ONCE	ORAL	TREATMENT	2020-06-05T19:00	2020-06-05T19:00	22	22	AFTER	STUDY START	""	""
BNT162-01	CM	BNT162-01-276-01-0067	2	Paracetamol	PARACETAMOL	PARACETAMOL	FLU-LIKE SYMPTOMS (HEADACHE, MYALGIA, CHILLS, FATIGUE)	500	mg	BID	ORAL	TREATMENT	2020-06-06T08:00	2020-06-06T17:00	23	23	AFTER	STUDY START	""	""
BNT162-01	CM	BNT162-01-276-01-0067	3	Paracetamol 500	PARACETAMOL	PARACETAMOL	FLU-LIKE SYMPTOMS (HEADACHE, FATIGUE,MALAISE, SHIVERING)	500	mg	ONCE	ORAL	TREATMENT	2020-05-15T23:30	2020-05-15T23:30	1	1	AFTER	STUDY START	""	""
BNT162-01	CM	BNT162-01-276-01-0067	4	Paracetamol 500	PARACETAMOL	PARACETAMOL	FLU-LIKE SYMPTOMS (HEADACHE, FATIGUE,MALAISE, SHIVERING)	500	mg	ONCE	ORAL	TREATMENT	2020-05-16T14:00	2020-05-16T14:00	2	2	AFTER	STUDY START	""	""
BNT162-01	CM	BNT162-01-276-01-0068	1	Minisiston 0,1 mg Levonorgestrel, 0,02 mg Ethinylestradiol	ETHINYLESTRADIOL;LEVONORGESTREL	ETHINYLESTRADIOL;LEVONORGESTREL	CONTRACEPTION	1	TABLET	PRN	ORAL	""	2019-10	""			BEFORE	STUDY START	""	""
BNT162-01	CM	BNT162-01-276-01-0068	2	Paracetamol	PARACETAMOL	PARACETAMOL	INJECTION SITE REACTIONS (PAIN, DISCOMFORT WITH MOVEMENT)	500	mg	ONCE	ORAL	TREATMENT	2020-06-05T18:30	2020-06-05T18:30	22	22	AFTER	STUDY START	""	""
BNT162-01	CM	BNT162-01-276-01-0068	3	Paracetamol	PARACETAMOL	PARACETAMOL	FLU-LIKE SYMPTOMS (HEADACHE, MYALGIA, ARTHRALGIA, NAUSEA, CHILLS, LOSS OF APPETITE, MALAISE, FATIGUE)	500	mg	ONCE	ORAL	TREATMENT	2020-06-06T18:30	2020-06-06T18:30	23	23	AFTER	STUDY START	""	""
BNT162-01	CM	BNT162-01-276-01-0070	1	Paracetamol	PARACETAMOL	PARACETAMOL	FLU-LIKE SYMPTOMS (LOSS OF APPETITE, FATIGUE, MALAISE, CHILLS)	500	mg	ONCE	ORAL	TREATMENT	2020-05-16T22:00	2020-05-16T22:00	2	2	AFTER	STUDY START	""	""
BNT162-01	CM	BNT162-01-276-01-0070	2	Paracetamol	PARACETAMOL	PARACETAMOL	FLU-LIKE SYMPTOMS (HEADACHE, CHILLS, MALAISE, FATIGUE)	500	mg	ONCE	ORAL	TREATMENT	2020-06-05T19:30	2020-06-05T19:30	22	22	AFTER	STUDY START	""	""
BNT162-01	CM	BNT162-01-276-01-0073	1	Dolormin	IBUPROFEN	IBUPROFEN	TENSION HEADACHE	400	mg	ONCE	ORAL	TREATMENT	2020-05-30T12:15	2020-05-30T12:15	16	16	AFTER	STUDY START	""	""
BNT162-01	CM	BNT162-01-276-01-0073	2	Paracetamol	PARACETAMOL	PARACETAMOL	LOWER ABDOMINAL PAIN (MENSES)	500	mg	ONCE	ORAL	TREATMENT	2020-05-27T15:05	2020-05-27T15:05	13	13	AFTER	STUDY START	""	""
BNT162-01	CM	BNT162-01-276-01-0073	3	Paracetamol	PARACETAMOL	PARACETAMOL	TENSION HEADACHE	500	mg	ONCE	ORAL	TREATMENT	2020-05-30T07:30	2020-05-30T07:30	16	16	AFTER	STUDY START	""	""
BNT162-01	CM	BNT162-01-276-01-0073	4	Paracetamol	PARACETAMOL	PARACETAMOL	FLU-LIKE SYMPTOMS (HEADACHE, CHILLS, NAUSEA, VOMITING, LOSS OF APPETITE, FATIGUE, MALAISE)	1000	mg	ONCE	ORAL	TREATMENT	2020-06-05T14:20	2020-06-05T14:20	22	22	AFTER	STUDY START	""	""
BNT162-01	CM	BNT162-01-276-01-0073	5	Paracetamol	PARACETAMOL	PARACETAMOL	FLU-LIKE SYMPTOMS (HEADACHE, CHILLS, NAUSEA, VOMITING, LOSS OF APPETITE, FATIGUE, MALAISE)	500	mg	TID	ORAL	TREATMENT	2020-06-06T10:00	2020-06-06T23:00	23	23	AFTER	STUDY START	""	""
BNT162-01	CM	BNT162-01-276-01-0073	6	Paracetamol	PARACETAMOL	PARACETAMOL	TENSION HEADACHE	500	mg	ONCE	ORAL	TREATMENT	2020-06-15T13:01	2020-06-15T13:01	32	32	AFTER	STUDY START	""	""
BNT162-01	CM	BNT162-01-276-01-0073	7	Paracetamol 500	PARACETAMOL	PARACETAMOL	FLU-LIKE SYMPTOMS (MALAISE, TIREDNESS, CHILLS)	500	mg	ONCE	ORAL	TREATMENT	2020-05-15T16:30	2020-05-15T16:30	1	1	AFTER	STUDY START	""	""
BNT162-01	CM	BNT162-01-276-01-0073	8	Paracetamol 500	PARACETAMOL	PARACETAMOL	FLU-LIKE SYMPTOMS (MALAISE, TIREDNESS, CHILLS)	500	mg	ONCE	ORAL	TREATMENT	2020-05-16T07:50	2020-05-16T07:50	2	2	AFTER	STUDY START	""	""
BNT162-01	CM	BNT162-01-276-01-0073	9	Paracetamol 500 mg	PARACETAMOL	PARACETAMOL	FLU-LIKE SYMPTOMS (HEADACHE, CHILLS, NAUSEA, VOMITING, LOSS OF APPETITE, FATIGUE, MALAISE)	500	mg	ONCE	ORAL	TREATMENT	2020-06-05T19:00	2020-06-05T19:00	22	22	AFTER	STUDY START	""	""
BNT162-01	CM	BNT162-01-276-01-0075	1	Canesten Creme	CANESTEN	CLOTRIMAZOLE	TINEA PEDIS RIGHT FOOT	0.5	g	QD	TOPICAL	TREATMENT	2020-06-12T22:00	2020-06-27T22:00	22	37	AFTER	STUDY START	""	""
BNT162-01	CM	BNT162-01-276-01-0075	2	Dontisolon D 5mg/g	PREDNISOLON [PREDNISOLONE]	PREDNISOLONE	TOOTHACHE WISDOMTOOTH	0.1	g	ONCE	TOPICAL	TREATMENT	2020-06-26T10:00	2020-06-26T10:00	36	36	AFTER	STUDY START	""	""
BNT162-01	CM	BNT162-01-276-01-0075	3	Paracetamol	PARACETAMOL	PARACETAMOL	PYREXIA; HEADACHE	500	mg	ONCE	ORAL	TREATMENT	2020-05-22T22:30	2020-05-22T22:30	1	1	AFTER	STUDY START	""	""
BNT162-01	CM	BNT162-01-276-01-0075	4	Paracetamol	PARACETAMOL	PARACETAMOL	PYREXIA; HEADACHE	500	mg	ONCE	ORAL	TREATMENT	2020-05-23T04:00	2020-05-23T04:00	2	2	AFTER	STUDY START	""	""
BNT162-01	CM	BNT162-01-276-01-0075	5	Paracetamol	PARACETAMOL	PARACETAMOL	PYREXIA; HEADACHE	500	mg	ONCE	ORAL	TREATMENT	2020-05-23T12:50	2020-05-23T12:50	2	2	AFTER	STUDY START	""	""
BNT162-01	CM	BNT162-01-276-01-0075	6	Paracetamol	PARACETAMOL	PARACETAMOL	PYREXIA; HEADACHE	1000	mg	ONCE	RECTAL	TREATMENT	2020-05-23T22:30	2020-05-23T22:30	2	2	AFTER	STUDY START	""	""
BNT162-01	CM	BNT162-01-276-01-0075	7	Paracetamol suppository	PARACETAMOL	PARACETAMOL	PYREXIA; HEADACHE	1000	mg	ONCE	RECTAL	TREATMENT	2020-05-22T19:20	2020-05-22T19:20	1	1	AFTER	STUDY START	""	""
BNT162-01	CM	BNT162-01-276-01-0075	8	Ultracain DS 1:200000 1,7ml	ULTRACAIN D-S	ARTICAINE HYDROCHLORIDE;EPINEPHRINE HYDROCHLORIDE	TOOTHACHE WISDOMTOOTH	1.7	mL	ONCE	OTHER	TREATMENT	2020-06-26T10:00	2020-06-26T10:00	36	36	AFTER	STUDY START	""	""
BNT162-01	CM	BNT162-01-276-01-0084	1	Paracetamol	PARACETAMOL	PARACETAMOL	FLU-LIKE SYMPTOMS	500	mg	ONCE	ORAL	TREATMENT	2020-05-22T21:00	2020-05-22T21:00	1	1	AFTER	STUDY START	""	""
BNT162-01	CM	BNT162-01-276-01-0085	1	Paracetamol	PARACETAMOL	PARACETAMOL	FLU-LIKE SYMPTOMS	500	mg	ONCE	ORAL	TREATMENT	2020-05-22T19:30	2020-05-22T19:30	1	1	AFTER	STUDY START	""	""
BNT162-01	CM	BNT162-01-276-01-0085	2	Paracetamol	PARACETAMOL	PARACETAMOL	FLU-LIKE SYMPTOMS	500	mg	ONCE	ORAL	TREATMENT	2020-05-22T23:00	2020-05-22T23:00	1	1	AFTER	STUDY START	""	""
BNT162-01	CM	BNT162-01-276-01-0085	3	Paracetamol	PARACETAMOL	PARACETAMOL	FLU-LIKE SYMPTOMS	1000	mg	ONCE	ORAL	TREATMENT	2020-05-23T11:00	2020-05-23T11:00	2	2	AFTER	STUDY START	""	""
BNT162-01	CM	BNT162-01-276-01-0089	1	MCP Supp	METOCLOPRAMIDE HYDROCHLORIDE	METOCLOPRAMIDE HYDROCHLORIDE	FLU LIKE SYMPTOMS (HEADACHE, NAUSEA); INTERMITTEND VOMITING	10	mg	ONCE	RECTAL	TREATMENT	2020-05-20T19:47	2020-05-20T19:47	1	1	AFTER	STUDY START	""	""
BNT162-01	CM	BNT162-01-276-01-0089	2	Paracetamol supp.	PARACETAMOL	PARACETAMOL	HEADACHE	1000	mg	ONCE	RECTAL	TREATMENT	2020-07-05T02:01	2020-07-05T02:01	47	47	AFTER	STUDY START	""	""
BNT162-01	CM	BNT162-01-276-01-0089	3	ben-u-ron 1000	PARACETAMOL	PARACETAMOL	FLU LIKE SYMPTOMS (HEADACHE, NAUSEA)	1000	mg	ONCE	RECTAL	TREATMENT	2020-05-21T10:00	2020-05-21T10:00	2	2	AFTER	STUDY START	""	""
BNT162-01	CM	BNT162-01-276-01-0089	4	ben-u-ron 1000mg	PARACETAMOL	PARACETAMOL	FLU LIKE SYMPTOMS (HEADACHE, NAUSEA)	1000	mg	ONCE	RECTAL	TREATMENT	2020-05-20T13:01	2020-05-20T13:01	1	1	AFTER	STUDY START	""	""
BNT162-01	CM	BNT162-01-276-01-0093	1	Paracetamol 500	PARACETAMOL	PARACETAMOL	FLU-LIKE SYMPTOMS	500	mg	ONCE	ORAL	TREATMENT	2020-05-21T14:00	2020-05-21T14:00	2	2	AFTER	STUDY START	""	""
BNT162-01	CM	BNT162-01-276-01-0096	1	Paracetamol	PARACETAMOL	PARACETAMOL	FLU LIKE SYMPTOMS (ARTHRALGIA, MYALGIA, CHILLS, MALAISE, ELEVATED BODY TEMPERATURE)	500	mg	BID	ORAL	TREATMENT	2020-05-20T10:00	2020-05-20T20:00	2	2	AFTER	STUDY START	""	""
BNT162-01	CM	BNT162-01-276-01-0103	1	Paracetamol	PARACETAMOL	PARACETAMOL	FLU-LIKE SYMPTOMS	500	mg	ONCE	ORAL	TREATMENT	2020-05-23T01:13	2020-05-23T01:13	2	2	AFTER	STUDY START	""	""
BNT162-01	CM	BNT162-01-276-01-0103	2	Paracetamol	PARACETAMOL	PARACETAMOL	FLU-LIKE SYMPTOMS	500	mg	ONCE	ORAL	TREATMENT	2020-05-23T15:18	2020-05-23T15:18	2	2	AFTER	STUDY START	""	""
BNT162-01	CM	BNT162-01-276-01-0104	1	Paracetamol 500	PARACETAMOL	PARACETAMOL	FLU-LIKE SYMPTOMS	500	mg	BID	ORAL	TREATMENT	2020-05-20T19:22	2020-05-20T21:30	1	1	AFTER	STUDY START	""	""
BNT162-01	CM	BNT162-01-276-01-0104	2	Paracetamol 500	PARACETAMOL	PARACETAMOL	FLU-LIKE SYMPTOMS	500	mg	ONCE	ORAL	TREATMENT	2020-05-21T22:00	2020-05-21T22:00	2	2	AFTER	STUDY START	""	""
BNT162-01	CM	BNT162-01-276-01-0171	1	Paracetamol Tbl.	PARACETAMOL	PARACETAMOL	FEVER AND HEADACHE	1000	mg	ONCE	ORAL	TREATMENT	2020-08-06T20:22	2020-08-06T20:22	22	22	AFTER	STUDY START	""	""
BNT162-01	CM	BNT162-01-276-01-0171	2	Paracetamol Tbl.	PARACETAMOL	PARACETAMOL	FEVER AND HEADACHE	500	mg	ONCE	ORAL	TREATMENT	2020-08-07T20:15	2020-08-07T20:15	23	23	AFTER	STUDY START	""	""
BNT162-01	CM	BNT162-01-276-01-0172	1	Paracetamol Tbl	PARACETAMOL	PARACETAMOL	HEADACHE	500	mg	ONCE	ORAL	TREATMENT	2020-08-06T11:35	2020-08-06T11:35	22	22	AFTER	STUDY START	""	""
BNT162-01	CM	BNT162-01-276-01-0172	2	Paracetamol Tbl	PARACETAMOL	PARACETAMOL	HEADACHE	500	mg	ONCE	ORAL	TREATMENT	2020-08-06T22:15	2020-08-06T22:15	22	22	AFTER	STUDY START	""	""
BNT162-01	CM	BNT162-01-276-01-0173	1	Paracetamol Tbl.	PARACETAMOL	PARACETAMOL	FEVER, HEADACHE	500	mg	TID	ORAL	TREATMENT	2020-08-07T12:30	2020-08-07T22:00	23	23	AFTER	STUDY START	""	""
BNT162-01	CM	BNT162-01-276-01-0173	2	Paracetamol Tbl.	PARACETAMOL	PARACETAMOL	FEVER, HEADACHE	500	mg	BID	ORAL	TREATMENT	2020-08-08T11:00	2020-08-08T22:00	24	24	AFTER	STUDY START	""	""
BNT162-01	CM	BNT162-01-276-01-0176	1	Paracetamol Tbl.	PARACETAMOL	PARACETAMOL	FEVER, HEADACHE	500	mg	ONCE	ORAL	TREATMENT	2020-08-07T01:00	2020-08-07T01:00	23	23	AFTER	STUDY START	""	""
BNT162-01	CM	BNT162-01-276-01-0176	2	Paracetamol Tbl.	PARACETAMOL	PARACETAMOL	HEADACHE	500	mg	ONCE	ORAL	TREATMENT	2020-08-07T17:00	2020-08-07T17:00	23	23	AFTER	STUDY START	""	""
BNT162-01	CM	BNT162-01-276-01-0179	1	Agomelatin	AGOMELATIN	AGOMELATINE	DEPRESSION;SLEEPING DISORDER	25	mg	OTHER	ORAL	TREATMENT	2020-08-13T20:00	""	29		AFTER	STUDY START	""	""
BNT162-01	CM	BNT162-01-276-01-0179	2	Paracetamol	PARACETAMOL	PARACETAMOL	HEADACHE (SYSTEMIC REACTION)	1000	mg	ONCE	ORAL	TREATMENT	2020-07-16T15:45	2020-07-16T15:45	1	1	AFTER	STUDY START	""	""
BNT162-01	CM	BNT162-01-276-01-0179	3	Paracetamol Tbl.	PARACETAMOL	PARACETAMOL	HEADACHE	500	mg	ONCE	ORAL	TREATMENT	2020-08-06T21:00	2020-08-06T21:00	22	22	AFTER	STUDY START	""	""
BNT162-01	CM	BNT162-01-276-01-0179	4	Paracetamol Tbl.	PARACETAMOL	PARACETAMOL	HEADACHE	500	mg	ONCE	ORAL	TREATMENT	2020-08-07T21:00	2020-08-07T21:00	23	23	AFTER	STUDY START	""	""
BNT162-01	CM	BNT162-01-276-01-0179	5	Paracetamol Tbl.	PARACETAMOL	PARACETAMOL	HEADACHE	500	mg	ONCE	ORAL	TREATMENT	2020-08-08T13:00	2020-08-08T13:00	24	24	AFTER	STUDY START	""	""
BNT162-01	CM	BNT162-01-276-01-0179	6	Sertralin	SERTRALINA [SERTRALINE]	SERTRALINE	DEPRESSION	50	mg	QD	ORAL	FOLLOW-UP	2020-10-04T08:00	""	81		AFTER	STUDY START	""	""
BNT162-01	CM	BNT162-01-276-01-0182	1	Minulet	ETHINYLESTRADIOL;GESTODENE	ETHINYLESTRADIOL;GESTODENE	CONTRACEPTION	0.075 + 0.03	mg	QD	ORAL	""	2008	""			BEFORE	STUDY START	""	""
BNT162-01	CM	BNT162-01-276-01-0183	1	Gynokadin	GYNOKADIN [ESTRADIOL]	ESTRADIOL	POSTMENOPAUSAL COMPLAINTS	2.5	g	QD	TRANSDERMAL	""	2019-09	""			BEFORE	STUDY START	""	""
BNT162-01	CM	BNT162-01-276-01-0183	2	Paracetamol	PARACETAMOL	PARACETAMOL	LOCAL AND SYSTEMIC REACTION HEADACHE; INJECTION SITE REACTION	1000	mg	ONCE	ORAL	TREATMENT	2020-07-17T09:58	2020-07-17T09:58	2	2	AFTER	STUDY START	""	""
BNT162-01	CM	BNT162-01-276-01-0183	3	Paracetamol	PARACETAMOL	PARACETAMOL	SYSTEMIC REACTIONS (HEADACHE, MUSCLE PAIN)	500	mg	ONCE	ORAL	TREATMENT	2020-07-17T18:15	2020-07-17T18:15	2	2	AFTER	STUDY START	""	""
BNT162-01	CM	BNT162-01-276-01-0183	4	Paracetamol Tbl.	PARACETAMOL	PARACETAMOL	HEADACHE AND MYALGIA	500	mg	ONCE	ORAL	TREATMENT	2020-08-06T22:18	2020-08-06T22:18	22	22	AFTER	STUDY START	""	""
BNT162-01	CM	BNT162-01-276-01-0183	5	Paracetamol Tbl.	PARACETAMOL	PARACETAMOL	HEADACHE, MYALGIA	500	mg	TID	ORAL	TREATMENT	2020-08-07T08:30	2020-08-07T18:30	23	23	AFTER	STUDY START	""	""
BNT162-01	CM	BNT162-01-276-01-0197	1	Paracetamol	PARACETAMOL	PARACETAMOL	HEADACHE (SYSTEMIC REACTION)	1000	mg	ONCE	ORAL	TREATMENT	2020-07-16T16:14	2020-07-16T16:14	1	1	AFTER	STUDY START	""	""
BNT162-01	CM	BNT162-01-276-01-0197	2	Paracetamol	PARACETAMOL	PARACETAMOL	SYSTEMIC AND LOCAL REACTION	500	mg	TID	ORAL	TREATMENT	2020-07-16T20:30	2020-07-17T07:45	1	2	AFTER	STUDY START	""	""
BNT162-01	CM	BNT162-01-276-01-0197	3	Paracetamol	PARACETAMOL	PARACETAMOL	GINGIVA PAIN DIFFUSE; SYSTEMIC REACTION (PAIN, MALAISE, CHILLS)	1000	mg	BID	ORAL	TREATMENT	2020-07-17T14:00	2020-07-18T08:30	2	3	AFTER	STUDY START	""	""
BNT162-01	CM	BNT162-01-276-01-0197	4	Paracetamol	PARACETAMOL	PARACETAMOL	GINGIVA PAIN DIFFUSE; SYSTEMIC REACTION (NECK PAIN, MUSCULAR STIFFNESS)	500	mg	TID	ORAL	TREATMENT	2020-07-18T11:00	2020-07-18T20:30	3	3	AFTER	STUDY START	""	""
BNT162-01	CM	BNT162-01-276-01-0197	5	Paracetamol	PARACETAMOL	PARACETAMOL	GINGIVA PAIN DIFFUSE; SYSTEMIC REACTIONS (NECK PAIN, MUSCULAR STIFFNESS)	1000	mg	BID	RECTAL	TREATMENT	2020-07-18T14:00	2020-07-19T00:00	3	4	AFTER	STUDY START	""	""
BNT162-01	CM	BNT162-01-276-01-0197	6	Paracetamol Tbl.	PARACETAMOL	PARACETAMOL	FEVER, HEADACHE	1000	mg	BID	ORAL	TREATMENT	2020-08-06T18:30	2020-08-06	22	22	AFTER	STUDY START	""	""
BNT162-01	CM	BNT162-01-276-01-0197	7	Paracetamol Tbl.	PARACETAMOL	PARACETAMOL	FEVER, HEADACHE	1000	mg	TID	ORAL	TREATMENT	2020-08-07	2020-08-08T01:00	23	24	AFTER	STUDY START	""	""
BNT162-01	CM	BNT162-01-276-01-0197	8	Paracetamol Tbl.	PARACETAMOL	PARACETAMOL	HEADACHE	1000	mg	BID	ORAL	TREATMENT	2020-08-08T08:00	2020-08-08T22:00	24	24	AFTER	STUDY START	""	""
BNT162-01	CM	BNT162-01-276-01-0197	9	Paracetamol Tbl.	PARACETAMOL	PARACETAMOL	HEADACHE	500	mg	ONCE	ORAL	TREATMENT	2020-08-09T08:00	2020-08-09T08:00	25	25	AFTER	STUDY START	""	""
BNT162-01	CM	BNT162-01-276-01-0198	1	Yasmin Tbl (3mg Drospirenon, 0.03mg Ethinylestradiol)	DROSPIRENONE;ETHINYLESTRADIOL	DROSPIRENONE;ETHINYLESTRADIOL	CONTRACEPTION	3/0.03	mg	QD	ORAL	""	2020-04	""			BEFORE	STUDY START	""	""
BNT162-01	CM	BNT162-01-276-01-0204	1	Paracetamol Tabl.	PARACETAMOL	PARACETAMOL	HEADACHE (SYSTEMIC REACTION)	500	mg	ONCE	ORAL	TREATMENT	2020-07-25T20:00	2020-07-25T20:00	4	4	AFTER	STUDY START	""	""
BNT162-01	CM	BNT162-01-276-01-0212	1	Paracetamol 1000 mg supp.	PARACETAMOL	PARACETAMOL	FLU LIKE SYMPTOMS (SYSTEMIC REACTION)	1000	mg	ONCE	RECTAL	TREATMENT	2020-08-13T19:00	2020-08-13T19:00	23	23	AFTER	STUDY START	""	""
BNT162-01	CM	BNT162-01-276-01-0212	2	Paracetamol 500 mg	PARACETAMOL	PARACETAMOL	HEADACHE (SYSTEMIC REACTION)	500	mg	ONCE	ORAL	TREATMENT	2020-08-13T06:00	2020-08-13T06:00	23	23	AFTER	STUDY START	""	""
BNT162-01	CM	BNT162-01-276-01-0224	1	Kyleena hormonal IUD	LEVONORGESTREL	LEVONORGESTREL	CONTRACEPTION	19.5	mg	CONTINUOUS	INTRAUTERINE	""	2020-05	""			BEFORE	STUDY START	""	""
BNT162-01	CM	BNT162-01-276-01-0227	1	Paracetamol Tbl	PARACETAMOL	PARACETAMOL	HEADACHE	500	mg	ONCE	ORAL	TREATMENT	2020-08-06T14:15	2020-08-06T14:15	7	7	AFTER	STUDY START	""	""
BNT162-01	CM	BNT162-01-276-01-0227	2	Paracetamol Tbl	PARACETAMOL	PARACETAMOL	HEADACHE	500	mg	ONCE	ORAL	TREATMENT	2020-08-21T16:35	2020-08-21T16:35	22	22	AFTER	STUDY START	""	""
BNT162-01	CM	BNT162-01-276-01-0272	1	Paracetamol Tbl.	PARACETAMOL	PARACETAMOL	HEADACHE	500	mg	BID	ORAL	TREATMENT	2020-09-25T08:00	2020-09-26T20:00	22	23	AFTER	STUDY START	""	""
BNT162-01	CM	BNT162-01-276-01-0272	2	Velbienne	DIENOGEST;ESTRADIOL VALERATE	DIENOGEST;ESTRADIOL VALERATE	POSTMENOPAUSAL SYNDROME	1	TABLET	3 TIMES PER WEEK	ORAL	""	2019-09	""			BEFORE	STUDY START	""	""
BNT162-01	CM	BNT162-01-276-01-0274	1	Paracetamol Tbl	PARACETAMOL	PARACETAMOL	HEADACHE	500	mg	THRICE	ORAL	TREATMENT	2020-09-17T15:10	2020-09-18T07:50	22	23	AFTER	STUDY START	""	""
BNT162-01	CM	BNT162-01-276-01-0274	2	Paracetamol Tbl.	PARACETAMOL	PARACETAMOL	HEADACHE	500	mg	ONCE	ORAL	TREATMENT	2020-08-27T11:30	2020-08-27T11:30	1	1	AFTER	STUDY START	""	""
BNT162-01	CM	BNT162-01-276-01-0274	3	Paracetamol Tbl.	PARACETAMOL	PARACETAMOL	HEADACHE	500	mg	ONCE	ORAL	TREATMENT	2020-08-27T17:00	2020-08-27T17:00	1	1	AFTER	STUDY START	""	""
BNT162-01	CM	BNT162-01-276-01-0275	1	Paracetamol Tabl.	PARACETAMOL	PARACETAMOL	HEADACHE	500	mg	TWICE	ORAL	TREATMENT	2020-09-10T15:45	2020-09-12T04:20	22	24	AFTER	STUDY START	""	""
BNT162-01	CM	BNT162-01-276-01-0275	2	Rosuvastatin Tbl	ROSUVASTATINE [ROSUVASTATIN]	ROSUVASTATIN	HYPERCHOLESTERINEMIA	10	mg	QD	ORAL	""	2019-11	""			BEFORE	STUDY START	""	""
BNT162-01	CM	BNT162-01-276-01-0282	1	Paracetamol Supp	PARACETAMOL	PARACETAMOL	HEADACHE	1000	mg	ONCE	RECTAL	TREATMENT	2020-08-21T04:40	2020-08-21T04:41	2	2	AFTER	STUDY START	""	""
BNT162-01	CM	BNT162-01-276-01-0282	2	Paracetamol Supp	PARACETAMOL	PARACETAMOL	HEADACHE	1000	mg	ONCE	RECTAL	TREATMENT	2020-08-22T03:30	2020-08-22T03:30	3	3	AFTER	STUDY START	""	""
BNT162-01	CM	BNT162-01-276-01-0282	3	Paracetamol Tabl.	PARACETAMOL	PARACETAMOL	HEADACHE	500	mg	BID	ORAL	TREATMENT	2020-09-10T16:00	2020-09-11T02:00	22	23	AFTER	STUDY START	""	""
BNT162-01	CM	BNT162-01-276-01-0286	1	Paracetamol Tbl.	PARACETAMOL	PARACETAMOL	HEADACHE	500	mg	ONCE	ORAL	TREATMENT	2020-08-26T12:15	2020-08-26T12:15	2	2	AFTER	STUDY START	""	""
BNT162-01	CM	BNT162-01-276-01-0286	2	Paracetamol Tbl.	PARACETAMOL	PARACETAMOL	MIGRAINE	500	mg	ONCE	ORAL	TREATMENT	2020-09-04T21:00	2020-09-04T21:00	11	11	AFTER	STUDY START	""	""
BNT162-01	CM	BNT162-01-276-01-0286	3	Paracetamol Tbl.	PARACETAMOL	PARACETAMOL	HEADACHE (DIARY)	500	mg	ONCE	ORAL	TREATMENT	2020-10-03T23:00	2020-10-03T23:00	40	40	AFTER	STUDY START	""	""
BNT162-01	CM	BNT162-01-276-01-0288	1	Paracetamol Tbl.	PARACETAMOL	PARACETAMOL	HEADACHE	500	mg	ONCE	ORAL	TREATMENT	2020-08-26T23:00	2020-08-26T23:01	2	2	AFTER	STUDY START	""	""
BNT162-01	CM	BNT162-01-276-01-0288	2	Paracetamol Tbl.	PARACETAMOL	PARACETAMOL	CHILLS	500	mg	ONCE	ORAL	TREATMENT	2020-09-15T21:00	2020-09-15T21:01	22	22	AFTER	STUDY START	""	""
BNT162-01	CM	BNT162-01-276-01-0288	3	Paracetamol Tbl.	PARACETAMOL	PARACETAMOL	CHILLS	500	mg	ONCE	ORAL	TREATMENT	2020-09-15T22:00	2020-09-15T22:01	22	22	AFTER	STUDY START	""	""
BNT162-01	CM	BNT162-01-276-01-0288	4	Paracetamol Tbl.	PARACETAMOL	PARACETAMOL	HEADACHE	500	mg	ONCE	ORAL	TREATMENT	2020-09-16T10:00	2020-09-16T10:01	23	23	AFTER	STUDY START	""	""
BNT162-01	CM	BNT162-01-276-01-0288	5	Paracetamol Tbl.	PARACETAMOL	PARACETAMOL	HEADACHE	1000	mg	ONCE	ORAL	TREATMENT	2020-09-17T15:00	2020-09-17T15:01	24	24	AFTER	STUDY START	""	""
BNT162-01	CM	BNT162-01-276-01-0289	1	ASS 100 Tbl.	ACETYLSALICYLIC ACID	ACETYLSALICYLIC ACID	PROPHYLAXIS (CAROTISSTENOSE)	100	mg	QD	ORAL	""	2017	""			BEFORE	STUDY START	""	""
BNT162-01	CM	BNT162-01-276-01-0289	2	Omega 3 Kps. 1500 mg	OMEGA 3 [SALMON OIL]	SALMON OIL	PROPHYLAXIS (CAROTISSTENOSE)	1	CAPSULE	QD	ORAL	""	2017	""			BEFORE	STUDY START	""	""
BNT162-01	CM	BNT162-01-276-01-0292	1	Paracetamol Tbl	PARACETAMOL	PARACETAMOL	HEADACHE	500	mg	ONCE	ORAL	TREATMENT	2020-09-17T17:00	2020-09-17T17:00	22	22	AFTER	STUDY START	""	""
BNT162-01	CM	BNT162-01-276-01-0298	1	Paracetamol Tbl	PARACETAMOL	PARACETAMOL	FEVER	500	mg	ONCE	ORAL	TREATMENT	2020-09-18T10:30	2020-09-18T10:30	23	23	AFTER	STUDY START	""	""
BNT162-01	CM	BNT162-01-276-01-0303	1	Paracetamol Supp.	PARACETAMOL	PARACETAMOL	HEADACHE; MUSCLE PAIN	1000	mg	ONCE	RECTAL	TREATMENT	2020-09-25T16:00	2020-09-25T16:00	22	22	AFTER	STUDY START	""	""
BNT162-01	CM	BNT162-01-276-01-0303	2	Paracetamol Tbl.	PARACETAMOL	PARACETAMOL	HEADACHE; MUSCLE PAIN	500	mg	BID	ORAL	TREATMENT	2020-09-24T22:00	2020-09-25T08:00	21	22	AFTER	STUDY START	""	""
BNT162-01	CM	BNT162-01-276-01-0306	1	Paracetamol Tbl.	PARACETAMOL	PARACETAMOL	HEADACHE	500	mg	ONCE	ORAL	TREATMENT	2020-09-01T17:10	2020-09-01T17:10	1	1	AFTER	STUDY START	""	""
BNT162-01	CM	BNT162-01-276-01-0306	2	Paracetamol Tbl.	PARACETAMOL	PARACETAMOL	HEADACHE	500	mg	ONCE	ORAL	TREATMENT	2020-09-22T15:30	2020-09-22T15:30	22	22	AFTER	STUDY START	""	""
BNT162-01	CM	BNT162-01-276-01-0310	1	Paracetamol Tbl.	PARACETAMOL	PARACETAMOL	HEADACHE	500	mg	ONCE	ORAL	TREATMENT	2020-09-24T11:00	2020-09-24T11:00	23	23	AFTER	STUDY START	""	""
BNT162-01	CM	BNT162-01-276-01-0310	2	Paracetamol Tbl.	PARACETAMOL	PARACETAMOL	HEADACHE	500	mg	ONCE	ORAL	TREATMENT	2020-09-24T14:00	2020-09-24T14:00	23	23	AFTER	STUDY START	""	""
BNT162-01	CM	BNT162-01-276-01-0316	1	Paracetamol	PARACETAMOL	PARACETAMOL	HEADACHE	500	mg	ONCE	ORAL	TREATMENT	2020-10-01T10:30	2020-10-01T10:30	31	31	AFTER	STUDY START	""	""
BNT162-01	CM	BNT162-01-276-01-0316	2	Paracetamol Tbl.	PARACETAMOL	PARACETAMOL	HEADACHE	500	mg	ONCE	ORAL	TREATMENT	2020-09-22T14:55	2020-09-22T14:55	22	22	AFTER	STUDY START	""	""
BNT162-01	CM	BNT162-01-276-01-0324	1	Ibuprofen Tbl	IBUPROFEN	IBUPROFEN	INTERMITTENT HEADACHE	400	mg	ONCE	ORAL	SCREENING	2020-08-31T20:00	2020-08-31T20:00	-2	-2	AFTER	STUDY START	""	""
BNT162-01	CM	BNT162-01-276-01-0324	2	Paracetamol Tbl	PARACETAMOL	PARACETAMOL	HEADACHE	500	mg	ONCE	ORAL	TREATMENT	2020-09-08T16:00	2020-09-08T16:00	7	7	AFTER	STUDY START	""	""
BNT162-01	CM	BNT162-01-276-01-0324	3	Paracetamol Tbl	PARACETAMOL	PARACETAMOL	HEADACHE	500	mg	ONCE	ORAL	TREATMENT	2020-09-30T18:00	2020-09-30T18:00	29	29	AFTER	STUDY START	""	""
BNT162-01	CM	BNT162-01-276-01-0350	1	Paracetamol	PARACETAMOL	PARACETAMOL	HEADACHE	500	mg	ONCE	ORAL	TREATMENT	2020-09-26T09:00	2020-09-26T09:00	2	2	AFTER	STUDY START	""	""
BNT162-01	CM	BNT162-01-276-01-0350	2	Paracetamol	PARACETAMOL	PARACETAMOL	DIARY PART 3 HEADACHE + MUSCLE PAIN	500	mg	TID	ORAL	TREATMENT	2020-10-16T20:00	2020-10-17T10:00	22	23	AFTER	STUDY START	""	""
BNT162-01	CM	BNT162-01-276-01-0350	3	Paracetamol	PARACETAMOL	PARACETAMOL	DIARY PART 3 MUSCLE PAIN	1000	mg	ONCE	RECTAL	TREATMENT	2020-10-17T14:30	2020-10-17T14:30	23	23	AFTER	STUDY START	""	""
BNT162-01	CM	BNT162-01-276-01-0352	1	Paracetamol 500	PARACETAMOL	PARACETAMOL	SYSTEMIC REACTION SEE DIARY PAGE 10+12	1	TABLET	QD	ORAL	TREATMENT	2020-10-14T16:30	2020-10-14T16:30	23	23	AFTER	STUDY START	""	""
BNT162-01	CM	BNT162-01-276-01-0353	1	Ibuprofen Tbl.	IBUPROFEN	IBUPROFEN	BACKPAIN	400	mg	ONCE	ORAL	TREATMENT	2020-09-24T12:10	2020-09-24T12:10	3	3	AFTER	STUDY START	""	""
BNT162-01	CM	BNT162-01-276-01-0353	2	Paracetamol Tbl.	PARACETAMOL	PARACETAMOL	HEADACHE; BACKPAIN	500	mg	TID	ORAL	TREATMENT	2020-09-22T16:00	2020-09-24T04:00	1	3	AFTER	STUDY START	""	""
BNT162-01	CM	BNT162-01-276-01-0353	3	Paracetamol Tbl.	PARACETAMOL	PARACETAMOL	SYSTEMIC REACTIONS SEE DIARY PAGE	500	mg	PRN	ORAL	TREATMENT	2020-10-13T19:00	2020-10-15T20:00	22	24	AFTER	STUDY START	""	""
BNT162-01	CM	BNT162-01-276-01-0358	1	Calcium Tbl 500mg	CALCIUM	CALCIUM	PROPHYLAXIS AGAINST OSTEOPOROSIS	1	TABLET	QD	ORAL	""	2011	""			BEFORE	STUDY START	""	""
BNT162-01	CM	BNT162-01-276-01-0358	2	Magnesium 250mg Tbl	MAGNESIUM	MAGNESIUM	MUSCLE CRAMPS	1	TABLET	QD	ORAL	""	1987	""			BEFORE	STUDY START	""	""
BNT162-01	CM	BNT162-01-276-01-0358	3	Pantoprazol 20mg	PANTOPRAZOL [PANTOPRAZOLE]	PANTOPRAZOLE	HEART BURN	20	mg	QD	ORAL	TREATMENT	2020-10-07T07:00	2020-10-07T07:00	15	15	AFTER	STUDY START	""	""
BNT162-01	CM	BNT162-01-276-01-0358	4	Pantoprazol Tabl.	PANTOPRAZOL [PANTOPRAZOLE]	PANTOPRAZOLE	STOMACH PAIN	20	mg	QD	ORAL	TREATMENT	2020-10-15T06:00	2020-10-20T18:30	23	28	AFTER	STUDY START	""	""
BNT162-01	CM	BNT162-01-276-01-0358	5	Paracetamol 500mg	PARACETAMOL	PARACETAMOL	COMMON COLD	500	mg	QD	ORAL	TREATMENT	2020-10-06T15:00	2020-10-06T15:00	14	14	AFTER	STUDY START	""	""
BNT162-01	CM	BNT162-01-276-01-0358	6	Paracetamol Tabl. 500 mg	PARACETAMOL	PARACETAMOL	FLUE LIKE SYMPTOMS	500	mg	BID	ORAL	TREATMENT	2020-10-16T11:00	2020-10-20T18:30	24	28	AFTER	STUDY START	""	""
BNT162-01	CM	BNT162-01-276-01-0361	1	Paracetamol	PARACETAMOL	PARACETAMOL	HEADACHE	500	mg	BID	ORAL	TREATMENT	2020-09-26T06:30	2020-09-26T11:30	2	2	AFTER	STUDY START	""	""
BNT162-01	CM	BNT162-01-276-01-0361	2	Paracetamol	PARACETAMOL	PARACETAMOL	DIARY PART 3 HEADACHE	500	mg	TID	ORAL	TREATMENT	2020-10-16T17:10	2020-10-17T22:40	22	23	AFTER	STUDY START	""	""
BNT162-01	CM	BNT162-01-276-01-0363	1	ASS 100	ACETYLSALICYLIC ACID	ACETYLSALICYLIC ACID	PROPHYLAXIS	100	mg	QD	ORAL	""	2010	""			BEFORE	STUDY START	""	""
BNT162-01	CM	BNT162-01-276-01-0363	2	Estramon TTS 50	17B-ESTRADIOL	ESTRADIOL	HORMONAL REPLACEMENT THERAPY	50	mg	1 TIME PER WEEK	TRANSDERMAL	""	2005	""			BEFORE	STUDY START	""	""
BNT162-01	CM	BNT162-01-276-01-0363	3	Famenita 100	LUTEINE [PROGESTERONE]	PROGESTERONE	HORMONAL REPLACEMENT THERAPY	100	mg	QD	ORAL	""	2010	""			BEFORE	STUDY START	""	""
BNT162-01	CM	BNT162-01-276-01-0365	1	Ibuprofen 600mg Tbl	IBUPROFEN	IBUPROFEN	MEDICAL HISTORY: INTERMITTENT PAIN DUE TO POLYARTHROSIS	1	TABLET	PRN	ORAL	""	2018	""			BEFORE	STUDY START	""	""
BNT162-01	CM	BNT162-01-276-01-0365	2	Paracetamol 500mg	PARACETAMOL	PARACETAMOL	HEADACHE (SEE DIARY PAGE 11)	1000	mg	ONCE	ORAL	TREATMENT	2020-10-15T06:00	2020-10-15T06:00	23	23	AFTER	STUDY START	""	""
BNT162-01	CM	BNT162-01-276-01-0365	3	Paracetamol Tbl	PARACETAMOL	PARACETAMOL	EAR PAIN RIGHT	500	mg	ONCE	ORAL	TREATMENT	2020-10-03T23:00	2020-10-03T23:00	11	11	AFTER	STUDY START	""	""
BNT162-01	CM	BNT162-01-276-01-0365	4	Paracetamol Tbl	PARACETAMOL	PARACETAMOL	EAR PAIN RIGHT	500	mg	ONCE	ORAL	TREATMENT	2020-10-04T22:30	2020-10-04T22:30	12	12	AFTER	STUDY START	""	""
BNT162-01	CM	BNT162-01-276-01-0365	5	Paracetamol Tbl.	PARACETAMOL	PARACETAMOL	HEADACHE	1000	mg	ONCE	ORAL	TREATMENT	2020-09-24T06:30	2020-09-24T06:30	2	2	AFTER	STUDY START	""	""
BNT162-01	CM	BNT162-01-276-02-0103	1	Ibuprofen	IBUPROFEN	IBUPROFEN	HEADACHE	600	mg	ONCE	ORAL	TREATMENT	2020-06-17T19:00	2020-06-17T19:01	3	3	AFTER	STUDY START	""	""
BNT162-01	CM	BNT162-01-276-02-0103	2	Ibuprofen	IBUPROFEN	IBUPROFEN	SORE THROAT	600	mg	QD	ORAL	TREATMENT	2020-07-13T11:00	2020-07-15T12:00	29	31	AFTER	STUDY START	""	""
BNT162-01	CM	BNT162-01-276-02-0103	3	Paracetamol	PARACETAMOL	PARACETAMOL	FLU-LIKE SYMPTOMS	500	mg	ONCE	ORAL	TREATMENT	2020-07-06T19:10	2020-07-06T19:11	22	22	AFTER	STUDY START	""	""
BNT162-01	CM	BNT162-01-276-02-0104	1	Ibuprofen	IBUPROFEN	IBUPROFEN	MEDICAL HISTORY, DYSMENORRHEA	400	mg	ONCE	ORAL	TREATMENT	2020-06-18T20:15	2020-06-18T20:15	3	3	AFTER	STUDY START	""	""
BNT162-01	CM	BNT162-01-276-02-0104	2	Ibuprofen	IBUPROFEN	IBUPROFEN	MEDICAL HISTORY, DYSMENORRHEA	400	mg	ONCE	ORAL	TREATMENT	2020-07-16T21:00	2020-07-16T21:00	31	31	AFTER	STUDY START	""	""
BNT162-01	CM	BNT162-01-276-02-0104	3	Ibuprofen	IBUPROFEN	IBUPROFEN	MEDICAL HISTORY, DYSMENORRHEA	400	mg	ONCE	ORAL	FOLLOW-UP	2020-08-14T07:15	2020-09-14T07:15	60	91	AFTER	STUDY START	""	""
BNT162-01	CM	BNT162-01-276-02-0104	4	Ibuprofen	IBUPROFEN	IBUPROFEN	MEDICAL HISTORY, DYSMENORRHEA	400	mg	ONCE	ORAL	FOLLOW-UP	2020-08-15T01:10	2020-08-15T01:10	61	61	AFTER	STUDY START	""	""
BNT162-01	CM	BNT162-01-276-02-0104	5	Ibuprofen	IBUPROFEN	IBUPROFEN	HEADACHE (SEE DIARY OUTSIDE REPORTING PERIOD)	400	mg	ONCE	ORAL	FOLLOW-UP	2020-08-27T16:00	2020-08-27T16:00	73	73	AFTER	STUDY START	""	""
BNT162-01	CM	BNT162-01-276-02-0104	6	Ibuprofen	IBUPROFEN	IBUPROFEN	HEADACHE (SEE DIARY, OUTSIDE REPORTING PERIOD)	400	mg	ONCE	ORAL	FOLLOW-UP	2020-09-14T05:08	2020-09-14T05:08	91	91	AFTER	STUDY START	""	""
BNT162-01	CM	BNT162-01-276-02-0104	7	Paracetamol	PARACETAMOL	PARACETAMOL	FLU-LIKE SYMPTOMS	500	mg	ONCE	ORAL	TREATMENT	2020-07-08T20:45	2020-07-08T20:45	23	23	AFTER	STUDY START	""	""
BNT162-01	CM	BNT162-01-276-02-0104	8	medical coal	CHARCOAL, ACTIVATED	CHARCOAL, ACTIVATED	DIARRHEA ( SEE DIARY, OUTSIDE REPORTING PERIOD)	1	TABLET	ONCE	ORAL	FOLLOW-UP	2020-08-30T19:05	2020-08-30T19:05	76	76	AFTER	STUDY START	""	""
BNT162-01	CM	BNT162-01-276-02-0105	1	Paracetamol	PARACETAMOL	PARACETAMOL	PAIN LEFT AXILLA	500	mg	ONCE	ORAL	TREATMENT	2020-07-07T06:45	2020-07-07T06:45	22	22	AFTER	STUDY START	""	""
BNT162-01	CM	BNT162-01-276-02-0105	2	Zovirax	ACICLOVIR	ACICLOVIR	HERPES PUSTULA UPPERLIP	pinneedle sized amount	OTHER	QD	TOPICAL	TREATMENT	2020-07-06	2020-07-09T20:00	21	24	AFTER	STUDY START	""	""
BNT162-01	CM	BNT162-01-276-02-0111	1	Ibuprofen	IBUPROFEN	IBUPROFEN	NECK PAIN	600	mg	ONCE	ORAL	TREATMENT	2020-07-03T14:00	2020-07-03T14:00	16	16	AFTER	STUDY START	""	""
BNT162-01	CM	BNT162-01-276-02-0111	2	Ibuprofen	IBUPROFEN	IBUPROFEN	NECK PAIN	600	mg	ONCE	ORAL	TREATMENT	2020-07-04T09:00	2020-07-04T09:00	17	17	AFTER	STUDY START	""	""
BNT162-01	CM	BNT162-01-276-02-0111	3	Ibuprofen	IBUPROFEN	IBUPROFEN	NECK PAIN	600	mg	ONCE	ORAL	TREATMENT	2020-07-04T18:00	2020-07-04T18:00	17	17	AFTER	STUDY START	""	""
BNT162-01	CM	BNT162-01-276-02-0111	4	Ibuprofen	IBUPROFEN	IBUPROFEN	NECK PAIN	600	mg	ONCE	ORAL	TREATMENT	2020-07-05T14:00	2020-07-05T14:00	18	18	AFTER	STUDY START	""	""
BNT162-01	CM	BNT162-01-276-02-0111	5	Ibuprofen	IBUPROFEN	IBUPROFEN	NECK PAIN	600	mg	ONCE	ORAL	TREATMENT	2020-07-06T10:00	2020-07-06T10:00	19	19	AFTER	STUDY START	""	""
BNT162-01	CM	BNT162-01-276-02-0116	1	Arnica D12	HOMEOPATHIC PREPARATION	HOMEOPATHIC PREPARATION	INFLAMMATION LEFT EAR (UPPER AURICLE)	20	OTHER	OTHER	ORAL	TREATMENT	2020-06-22T12:00	2020-06-26T19:00	5	9	AFTER	STUDY START	""	""
BNT162-01	CM	BNT162-01-276-02-0116	2	Bromelain-POS	BROMELAIN-POS	BROMELAINS	INFLAMMATION LEFT EAR (UPPER AURICLE)	1	OTHER	OTHER	ORAL	TREATMENT	2020-06-22T12:00	2020-06-22T19:00	5	5	AFTER	STUDY START	""	""
BNT162-01	CM	BNT162-01-276-02-0116	3	Gelomyrtol	GELOMYRTOL	MYRTOL	COMMON COLD	3	TABLET	TID	ORAL	TREATMENT	2020-07-06T10:00	2020-07-11T18:00	19	24	AFTER	STUDY START	""	""
BNT162-01	CM	BNT162-01-276-02-0116	4	Ruta D6	HOMEOPATHIC PREPARATION	HOMEOPATHIC PREPARATION	INFLAMMATION LEFT EAR (UPPER AURICLE)	20	OTHER	OTHER	ORAL	TREATMENT	2020-06-22T12:00	2020-06-26T19:00	5	9	AFTER	STUDY START	""	""
BNT162-01	CM	BNT162-01-276-02-0116	5	Tyrosur Gel	TYROSUR	TYROTHRICIN	INFLAMMATION LEFT EAR (UPPER AURICLE)	4	mm	TID	TOPICAL	TREATMENT	2020-06-23T10:00	2020-06-26T19:00	6	9	AFTER	STUDY START	""	""
BNT162-01	CM	BNT162-01-276-02-0116	6	Vagisan	VAGISAN [DL- LACTIC ACID;SODIUM LACTATE]	DL- LACTIC ACID;SODIUM LACTATE	VAGINAL MYCOSIS ( ENTERED IN DIARY, OUTSIDE REPORTING PERIOD	1	SUPPOSITORY	ONCE	VAGINAL	TREATMENT	2020-07-29T22:00	2020-07-29T22:00	42	42	AFTER	STUDY START	""	""
BNT162-01	CM	BNT162-01-276-02-0118	1	Ibuprofen	IBUPROFEN	IBUPROFEN	TOOTHACHE	400	mg	ONCE	ORAL	TREATMENT	2020-06-29T15:40	2020-06-29T15:40	12	12	AFTER	STUDY START	""	""
BNT162-01	CM	BNT162-01-276-02-0142	1	Glaubersalz-Natriumsulfat-Decahydrat	GLAUBERSALZ FLUKS	SODIUM SULFATE	TAPEWORM	3	OTHER	ONCE	ORAL	TREATMENT	2020-07-08T10:30	2020-07-08T10:30	14	14	AFTER	STUDY START	""	""
BNT162-01	CM	BNT162-01-276-02-0142	2	Vomisan	VOMISAN 52	HOMEOPATHICS NOS	TAPEWORM	2000	mg	ONCE	ORAL	TREATMENT	2020-07-08T07:00	2020-07-08T07:00	14	14	AFTER	STUDY START	""	""
BNT162-01	CM	BNT162-01-276-02-0143	1	Paracetamol	PARACETAMOL	PARACETAMOL	CHILLS	1000	mg	ONCE	ORAL	TREATMENT	2020-07-16T02:40	2020-07-16T02:40	22	22	AFTER	STUDY START	""	""
BNT162-01	CM	BNT162-01-276-02-0144	1	Microgynon	ETHINYLESTRADIOL;LEVONORGESTREL	ETHINYLESTRADIOL;LEVONORGESTREL	CONTRACEPTION	1	TABLET	QD	ORAL	""	1995	""			BEFORE	STUDY START	""	""
BNT162-01	CM	BNT162-01-276-02-0144	2	Paracetamol	PARACETAMOL	PARACETAMOL	HEADACHE	500	mg	ONCE	ORAL	TREATMENT	2020-06-26T05:00	2020-06-26T05:00	2	2	AFTER	STUDY START	""	""
BNT162-01	CM	BNT162-01-276-02-0145	1	Paracetamol	PARACETAMOL	PARACETAMOL	HEADACHE	500	mg	BID	ORAL	TREATMENT	2020-06-26T11:00	2020-06-26T18:00	2	2	AFTER	STUDY START	""	""
BNT162-01	CM	BNT162-01-276-02-0150	1	Paracetamol	PARACETAMOL	PARACETAMOL	ARTHRALGIA	1000	mg	ONCE	RECTAL	TREATMENT	2020-07-18T00:30	2020-07-18T00:30	26	26	AFTER	STUDY START	""	""
BNT162-01	CM	BNT162-01-276-02-0154	1	wound-cleaning with PVP-Iodine	POVIDONE-IODINE	POVIDONE-IODINE	DOG BITE	3	g	ONCE	TOPICAL	TREATMENT	2020-07-26T21:00	2020-07-26T21:10	28	28	AFTER	STUDY START	""	""
BNT162-01	CM	BNT162-01-276-02-0158	1	Azithromycin	AZITHROMYCIN	AZITHROMYCIN	TONSILITIS	500	mg	QD	ORAL	TREATMENT	2020-08-10T11:00	2020-08-12T11:00	29	31	AFTER	STUDY START	""	""
BNT162-01	CM	BNT162-01-276-02-0160	1	Cetirizin	CETIRIZIN	CETIRIZINE HYDROCHLORIDE	HAY FEVER TREATMENT	10	mg	QD	ORAL	""	2020-03-20	2020-04-01	-101	-89	BEFORE	STUDY START	""	""
BNT162-01	CM	BNT162-01-276-02-0168	1	Paracetamol	PARACETAMOL	PARACETAMOL	HEADACHE	500	mg	ONCE	ORAL	TREATMENT	2020-07-07T09:00	2020-07-07T09:00	7	7	AFTER	STUDY START	""	""
BNT162-01	CM	BNT162-01-276-02-0177	1	NuvaRing	ETHINYLESTRADIOL;ETONOGESTREL; NUVARING	ETHINYLESTRADIOL;ETONOGESTREL; ETHINYLESTRADIOL;ETONOGESTREL	CONTRACEPTION	1 ring	""	OTHER	VAGINAL	SCREENING	2020-07-03T20:00	""	-3		AFTER	STUDY START	""	""
BNT162-01	CM	BNT162-01-276-02-0180	1	Paracetamol	2 A	PARACETAMOL	FEVER,CHILLS	500	mg	ONCE	ORAL	TREATMENT	2020-08-04T03:30	2020-08-04T03:30	23	23	AFTER	STUDY START	""	""
BNT162-01	CM	BNT162-01-276-02-0183	1	Paracetamol	PARACETAMOL	PARACETAMOL	HEADACHE	500	mg	ONCE	ORAL	TREATMENT	2020-08-23T10:30	2020-08-23T10:30	42	42	AFTER	STUDY START	""	""
BNT162-01	CM	BNT162-01-276-02-0185	1	Trisiston	ETHINYLESTRADIOL;LEVONORGESTREL	ETHINYLESTRADIOL;LEVONORGESTREL	CONTRACEPTION	1	TABLET	QD	ORAL	""	1992	""			BEFORE	STUDY START	""	""
BNT162-01	CM	BNT162-01-276-02-0194	1	Ibuprofen	IBUPROFEN	IBUPROFEN	TOOTHACHE	600	mg	QID	ORAL	FOLLOW-UP	2020-10-05T14:00	2020-10-08T12:00	69	72	AFTER	STUDY START	""	""
BNT162-01	CM	BNT162-01-276-02-0194	2	Paracetamol	PARACETAMOL	PARACETAMOL	TOOTHACHE	500	mg	ONCE	ORAL	TREATMENT	2020-07-29T18:00	2020-07-29T18:00	1	1	AFTER	STUDY START	""	""
BNT162-01	CM	BNT162-01-276-02-0194	3	Paracetamol	PARACETAMOL	PARACETAMOL	TOOTHACHE	500	mg	ONCE	ORAL	TREATMENT	2020-07-29T23:00	2020-07-29T23:00	1	1	AFTER	STUDY START	""	""
BNT162-01	CM	BNT162-01-276-02-0194	4	Paracetamol	PARACETAMOL	PARACETAMOL	TOOTHACHE	500	mg	5 TIMES PER DAY	ORAL	FOLLOW-UP	2020-10-02T12:00	2020-10-05T14:00	66	69	AFTER	STUDY START	""	""
BNT162-01	CM	BNT162-01-276-02-0195	1	Gentamicin-POS 5,0mg/g Augensalbe	GENTAMICIN-POS	GENTAMICIN SULFATE	BLEPHARITIS	3	mm	QD	CONJUNCTIVAL	TREATMENT	2020-08-11T06:30	2020-08-15T06:30	12	16	AFTER	STUDY START	""	""
BNT162-01	CM	BNT162-01-276-02-0200	1	Velafee	DIENOGEST;ETHINYLESTRADIOL	DIENOGEST;ETHINYLESTRADIOL	CONTRACEPTION	0,03/2	mg	QD	ORAL	""	2019-04	""			BEFORE	STUDY START	""	""
BNT162-01	CM	BNT162-01-276-02-0201	1	Anginosan	ANGINOSAN [POLIHEXANIDE]	POLIHEXANIDE	SORE THROAT	1	TABLET	ONCE	ORAL	TREATMENT	2020-08-29T23:30	2020-08-29T23:30	24	24	AFTER	STUDY START	""	""
BNT162-01	CM	BNT162-01-276-02-0201	2	Anginosan	ANGINOSAN [POLIHEXANIDE]	POLIHEXANIDE	SORE THROAT	4	TABLET	QD	ORAL	TREATMENT	2020-08-30T09:00	2020-08-30T23:00	25	25	AFTER	STUDY START	""	""
BNT162-01	CM	BNT162-01-276-02-0201	3	Lemocin	LEMOCIN	CETRIMONIUM BROMIDE;LIDOCAINE;TYROTHRICIN	SORE THROAT	2	TABLET	QD	ORAL	TREATMENT	2020-08-13T19:00	2020-08-13T20:00	8	8	AFTER	STUDY START	""	""
BNT162-01	CM	BNT162-01-276-02-0201	4	Lemocin	LEMOCIN	CETRIMONIUM BROMIDE;LIDOCAINE;TYROTHRICIN	SORE THROAT	5	TABLET	QD	ORAL	TREATMENT	2020-08-18T15:00	2020-08-19T20:00	13	14	AFTER	STUDY START	""	""
BNT162-01	CM	BNT162-01-276-02-0201	5	Lemocin	LEMOCIN	CETRIMONIUM BROMIDE;LIDOCAINE;TYROTHRICIN	SORE THROAT	4	TABLET	QD	ORAL	TREATMENT	2020-09-01T08:00	2020-09-02T23:00	27	28	AFTER	STUDY START	""	""
BNT162-01	CM	BNT162-01-276-02-0201	6	Lemocin	LEMOCIN	CETRIMONIUM BROMIDE;LIDOCAINE;TYROTHRICIN	SORE THROAT	5	TABLET	QD	ORAL	TREATMENT	2020-09-05T10:00	2020-09-10T22:00	31	36	AFTER	STUDY START	""	""
BNT162-01	CM	BNT162-01-276-02-0201	7	Lemocin	LEMOCIN	CETRIMONIUM BROMIDE;LIDOCAINE;TYROTHRICIN	SORE THROAT	1	TABLET	TID	ORAL	FOLLOW-UP	2020-10-03T09:00	2020-10-08T10:00	59	64	AFTER	STUDY START	""	""
BNT162-01	CM	BNT162-01-276-02-0201	8	Macrogol Hexal	MACROGOL HEXAL	MACROGOL	SUSPICION OF PERIANAL THROMBOSIS	1	OTHER	QD	ORAL	TREATMENT	2020-09-14T17:00	2020-09-30T20:00	40	56	AFTER	STUDY START	""	""
BNT162-01	CM	BNT162-01-276-02-0201	9	Novial	DESOGESTREL;ESTRADIOL	DESOGESTREL;ESTRADIOL	CONTRACEPTION	1	TABLET	QD	ORAL	""	2010	""			BEFORE	STUDY START	""	""
BNT162-01	CM	BNT162-01-276-02-0201	10	Paracetamol	PARACETAMOL	PARACETAMOL	HEADACHE	500	mg	ONCE	ORAL	TREATMENT	2020-08-06T16:30	2020-08-06T16:30	1	1	AFTER	STUDY START	""	""
BNT162-01	CM	BNT162-01-276-02-0201	11	Paracetamol	PARACETAMOL	PARACETAMOL	HEADACHE	500	mg	ONCE	ORAL	TREATMENT	2020-09-01T19:00	2020-09-01T19:00	27	27	AFTER	STUDY START	""	""
BNT162-01	CM	BNT162-01-276-02-0201	12	Paracetamol	PARACETAMOL	PARACETAMOL	TOOTH ACHE	500	mg	ONCE	ORAL	TREATMENT	2020-09-08T16:00	2020-09-08T16:00	34	34	AFTER	STUDY START	""	""
BNT162-01	CM	BNT162-01-276-02-0201	13	Paracetamol	PARACETAMOL	PARACETAMOL	TOOTH ACHE	500	mg	ONCE	ORAL	TREATMENT	2020-09-08T21:30	2020-09-08T21:30	34	34	AFTER	STUDY START	""	""
BNT162-01	CM	BNT162-01-276-02-0201	14	Paracetamol	PARACETAMOL	PARACETAMOL	HEADACHE	500	mg	QD	ORAL	FOLLOW-UP	2020-10-20T10:00	2020-10-25T20:00	76	81	AFTER	STUDY START	""	""
BNT162-01	CM	BNT162-01-276-02-0201	15	Postericort (balm)	POSTERICORT	HYDROCORTISONE ACETATE	SUSPICION OF PERIANAL THROMBOSIS	0,5	g	TWICE	RECTAL	TREATMENT	2020-09-14T17:00	2020-09-20T23:00	40	46	AFTER	STUDY START	""	""
BNT162-01	CM	BNT162-01-276-02-0203	1	Fenistil	FENISTIL	DIMETINDENE MALEATE	WASP STING, PAIN, RIGHT MEDIAL ANCLE AND LEFT LOWER ARM	1	OTHER	PRN	TRANSDERMAL	TREATMENT	2020-08-16T16:00	2020-08-19T20:50	17	20	AFTER	STUDY START	""	""
BNT162-01	CM	BNT162-01-276-02-0203	2	Mirena	LEVONORGESTREL	LEVONORGESTREL	CONTRACEPTION	""	""	CONTINUOUS	INTRAUTERINE	""	2017-09	""			BEFORE	STUDY START	""	""
BNT162-01	CM	BNT162-01-276-02-0203	3	Paracetamol	PARACETAMOL	PARACETAMOL	WASP STING, PAIN, LEFT LOWER ARM AND RIGHT MEDIAL ANCLE	1	g	ONCE	ORAL	TREATMENT	2020-08-17T21:50	2020-08-17T21:50	18	18	AFTER	STUDY START	""	""
BNT162-01	CM	BNT162-01-276-02-0207	1	Paracetamol	PARACETAMOL	PARACETAMOL	HEADACHE (SEE DIARY)	500	mg	ONCE	ORAL	TREATMENT	2020-09-10T13:00	2020-09-10T13:00	2	2	AFTER	STUDY START	""	""
BNT162-01	CM	BNT162-01-276-02-0207	2	Paracetamol	PARACETAMOL	PARACETAMOL	HEADACHE (SEE DIARY)	500	mg	ONCE	ORAL	TREATMENT	2020-10-01T02:00	2020-10-01T02:00	23	23	AFTER	STUDY START	""	""
BNT162-01	CM	BNT162-01-276-02-0208	1	Wobenzym	WOBENZYM [AMYLASE;BROMELAINS;CHYMOTRYPSIN;LIPASE;PANCREATIN;PAPAIN;RUTOSIDE;TRYPSIN]	AMYLASE;BROMELAINS;CHYMOTRYPSIN;LIPASE;PANCREATIN;PAPAIN;RUTOSIDE;TRYPSIN	DISTORSION LEFT ANKLE	3	TABLET	TID	ORAL	""	2020-07-15	2020-08-05	-41	-20	BEFORE	STUDY START	""	""
BNT162-01	CM	BNT162-01-276-02-0211	1	Paracetamol	PARACETAMOL	PARACETAMOL	SYSTEMIC REACTION (DIARY)	500	mg	ONCE	ORAL	TREATMENT	2020-10-01T03:00	2020-10-01T03:00	24	24	AFTER	STUDY START	""	""
BNT162-01	CM	BNT162-01-276-02-0215	1	Clexane	CLEXANE	ENOXAPARIN SODIUM	FRACTURE LEFT ANKLE	4	mg	QD	SUBCUTANEOUS	TREATMENT	2020-10-14	""	44		AFTER	STUDY START	""	""
BNT162-01	CM	BNT162-01-276-02-0215	2	Ibuprofen	IBUPROFEN	IBUPROFEN	FRACTURE LEFT ANKLE	600	mg	TID	ORAL	TREATMENT	2020-10-20	""	50		AFTER	STUDY START	""	""
BNT162-01	CM	BNT162-01-276-02-0215	3	Pantozol	PANTOPRAZOL [PANTOPRAZOLE]	PANTOPRAZOLE	FRACTURE LEFT ANKLE	40	mg	QD	ORAL	TREATMENT	2020-10-20	""	50		AFTER	STUDY START	""	""
BNT162-01	CM	BNT162-01-276-02-0215	4	Valoron N retard	NALOXONE;TILIDINE	NALOXONE;TILIDINE	FRACTURE LEFT ANKLE	50/4	mg	BID	ORAL	TREATMENT	2020-10-20	""	50		AFTER	STUDY START	""	""
BNT162-01	CM	BNT162-01-276-02-0220	1	Paracetamol	PARACETAMOL	PARACETAMOL	INCREASED BODY TEMPERATURE	250	mg	ONCE	ORAL	TREATMENT	2020-09-09T13:30	2020-09-09T13:30	2	2	AFTER	STUDY START	""	""
BNT162-01	CM	BNT162-01-276-02-0220	2	Paracetamol	PARACETAMOL	PARACETAMOL	INCREASED BODY TEMPERATURE	250	mg	ONCE	ORAL	TREATMENT	2020-09-09T21:00	2020-09-09T21:00	2	2	AFTER	STUDY START	""	""
BNT162-01	CM	BNT162-01-276-02-0225	1	Ibuprofen	IBUPROFEN	IBUPROFEN	GASTROINTESTINAL COMPLAINTS	600	mg	QD	ORAL	TREATMENT	2020-10-09T10:00	2020-10-10T10:00	45	46	AFTER	STUDY START	""	""
BNT162-01	CM	BNT162-01-276-02-0227	1	Paracetamol	PARACETAMOL	PARACETAMOL	HEADACHE (DIARY)	500	mg	ONCE	ORAL	TREATMENT	2020-09-12T02:15	2020-09-12T02:15	2	2	AFTER	STUDY START	""	""
BNT162-01	CM	BNT162-01-276-02-0227	2	Paracetamol	PARACETAMOL	PARACETAMOL	HEADACHE, MYALGIA, ARTHRALGIA (DIARY)	500	mg	ONCE	ORAL	TREATMENT	2020-10-03T06:40	2020-10-03T06:40	23	23	AFTER	STUDY START	""	""
BNT162-01	CM	BNT162-01-276-02-0227	3	Paracetamol	PARACETAMOL	PARACETAMOL	HEADACHE, MYALGIA, ARTHRALGIA (DIARY)	500	mg	ONCE	ORAL	TREATMENT	2020-10-03T15:00	2020-10-03T15:00	23	23	AFTER	STUDY START	""	""
BNT162-01	CM	BNT162-01-276-02-0227	4	Paracetamol	PARACETAMOL	PARACETAMOL	HEADACHE, ARTHRALGIA, MYALGIA (DIARY)	500	mg	ONCE	ORAL	TREATMENT	2020-10-03T20:00	2020-10-03T20:00	23	23	AFTER	STUDY START	""	""
BNT162-01	CM	BNT162-01-276-02-0227	5	Paracetamol	PARACETAMOL	PARACETAMOL	HEADACHE (DIARY)+ ABDOMINAL PAIN (DIARY)	500	mg	ONCE	ORAL	TREATMENT	2020-10-04T10:20	2020-10-04T10:20	24	24	AFTER	STUDY START	""	""
BNT162-01	CM	BNT162-01-276-02-0233	1	Pantoprazol	PANTOPRAZOL [PANTOPRAZOLE]	PANTOPRAZOLE	HEARTBURN	20	mg	ONCE	ORAL	TREATMENT	2020-09-06T22:00	2020-09-06T22:00	6	6	AFTER	STUDY START	""	""
BNT162-01	CM	BNT162-01-276-02-0242	1	Novalgin	NOVALGIN [METAMIZOLE SODIUM]	METAMIZOLE SODIUM	PAIN LEFT COSTAL ARCH AND SHOULDER	500	mg	QD	ORAL	TREATMENT	2020-09-21T02:15	2020-09-23T08:30	13	15	AFTER	STUDY START	""	""
BNT162-01	CM	BNT162-01-276-02-0242	2	paracetamol	PARACETAMOL	PARACETAMOL	HEADACHE, CHILLS, INCREASED TEMPERATURE (SEE DIARY)	500	mg	ONCE	ORAL	TREATMENT	2020-09-10T21:45	2020-09-10T21:45	2	2	AFTER	STUDY START	""	""
BNT162-01	CM	BNT162-01-276-02-0242	3	paracetamol	PARACETAMOL	PARACETAMOL	PAIN LEFT COSTAL ARCH AND SHOULDER	500	mg	ONCE	ORAL	TREATMENT	2020-09-19T20:15	2020-09-19T20:15	11	11	AFTER	STUDY START	""	""
BNT162-01	CM	BNT162-01-276-02-0242	4	paracetamol	PARACETAMOL	PARACETAMOL	LEFT COSTAL ARCH AND SHOULDER	500	mg	ONCE	ORAL	TREATMENT	2020-09-20T03:00	2020-09-20T03:00	12	12	AFTER	STUDY START	""	""
