STUDYID	DOMAIN	USUBJID	RPSEQ	RPTESTCD	RPTEST	RPORRES	RPORRESU	RPSTRESC	RPSTRESN	RPSTRESU	VISITNUM	VISIT	EPOCH	RPDTC	RPDY
BNT162-01	RP	BNT162-01-276-01-0001	1	CHILDPOT	Childbearing Potential	Yes	""	Yes		""	1	Visit 0 (Day -30 to 0)	SCREENING	2020-04-22	-2
BNT162-01	RP	BNT162-01-276-01-0003	1	CHILDPOT	Childbearing Potential	Yes	""	Yes		""	1	Visit 0 (Day -30 to 0)	SCREENING	2020-04-22	-6
BNT162-01	RP	BNT162-01-276-01-0005	1	CHILDPOT	Childbearing Potential	Yes	""	Yes		""	1	Visit 0 (Day -30 to 0)	SCREENING	2020-04-22	-2
BNT162-01	RP	BNT162-01-276-01-0006	1	CHILDPOT	Childbearing Potential	No	""	No		""	1	Visit 0 (Day -30 to 0)	SCREENING	2020-04-22	-6
BNT162-01	RP	BNT162-01-276-01-0006	2	LMPSTDTC	Last Menstrual Period Start Date	2017-07	""	2017-07		""	1	Visit 0 (Day -30 to 0)	SCREENING	2020-04-22	-6
BNT162-01	RP	BNT162-01-276-01-0006	3	NON_REAS	Reason for Non-childbearing potential	Postmenopausal (>=12 months)	""	Postmenopausal (>=12 months)		""	1	Visit 0 (Day -30 to 0)	SCREENING	2020-04-22	-6
BNT162-01	RP	BNT162-01-276-01-0008	1	CHILDPOT	Childbearing Potential	Yes	""	Yes		""	1	Visit 0 (Day -30 to 0)	SCREENING	2020-04-22	-6
BNT162-01	RP	BNT162-01-276-01-0010	1	CHILDPOT	Childbearing Potential	No	""	No		""	1	Visit 0 (Day -30 to 0)	SCREENING	2020-04-22	-2
BNT162-01	RP	BNT162-01-276-01-0010	2	NON_REAS	Reason for Non-childbearing potential	Other	""	Other		""	1	Visit 0 (Day -30 to 0)	SCREENING	2020-04-22	-2
BNT162-01	RP	BNT162-01-276-01-0011	1	CHILDPOT	Childbearing Potential	No	""	No		""	1	Visit 0 (Day -30 to 0)	SCREENING	2020-04-22	-2
BNT162-01	RP	BNT162-01-276-01-0011	2	LMPSTDTC	Last Menstrual Period Start Date	2016	""	2016		""	1	Visit 0 (Day -30 to 0)	SCREENING	2020-04-22	-2
BNT162-01	RP	BNT162-01-276-01-0011	3	NON_REAS	Reason for Non-childbearing potential	Postmenopausal (>=12 months)	""	Postmenopausal (>=12 months)		""	1	Visit 0 (Day -30 to 0)	SCREENING	2020-04-22	-2
BNT162-01	RP	BNT162-01-276-01-0015	1	CHILDPOT	Childbearing Potential	No	""	No		""	1	Visit 0 (Day -30 to 0)	SCREENING	2020-04-23	-6
BNT162-01	RP	BNT162-01-276-01-0015	2	LMPSTDTC	Last Menstrual Period Start Date	2017-03	""	2017-03		""	1	Visit 0 (Day -30 to 0)	SCREENING	2020-04-23	-6
BNT162-01	RP	BNT162-01-276-01-0015	3	NON_REAS	Reason for Non-childbearing potential	Postmenopausal (>=12 months)	""	Postmenopausal (>=12 months)		""	1	Visit 0 (Day -30 to 0)	SCREENING	2020-04-23	-6
BNT162-01	RP	BNT162-01-276-01-0016	1	CHILDPOT	Childbearing Potential	Yes	""	Yes		""	1	Visit 0 (Day -30 to 0)	SCREENING	2020-04-23	-6
BNT162-01	RP	BNT162-01-276-01-0017	1	CHILDPOT	Childbearing Potential	Yes	""	Yes		""	1	Visit 0 (Day -30 to 0)	SCREENING	2020-04-23	-5
BNT162-01	RP	BNT162-01-276-01-0018	1	CHILDPOT	Childbearing Potential	Yes	""	Yes		""	1	Visit 0 (Day -30 to 0)	SCREENING	2020-04-23	-6
BNT162-01	RP	BNT162-01-276-01-0020	1	CHILDPOT	Childbearing Potential	Yes	""	Yes		""	1	Visit 0 (Day -30 to 0)	SCREENING	2020-04-24	-5
BNT162-01	RP	BNT162-01-276-01-0023	1	CHILDPOT	Childbearing Potential	Yes	""	Yes		""	1	Visit 0 (Day -30 to 0)	SCREENING	2020-04-24	-11
BNT162-01	RP	BNT162-01-276-01-0028	1	CHILDPOT	Childbearing Potential	Yes	""	Yes		""	1	Visit 0 (Day -30 to 0)	SCREENING	2020-04-27	-10
BNT162-01	RP	BNT162-01-276-01-0036	1	CHILDPOT	Childbearing Potential	Yes	""	Yes		""	1	Visit 0 (Day -30 to 0)	SCREENING	2020-04-27	-11
BNT162-01	RP	BNT162-01-276-01-0041	1	CHILDPOT	Childbearing Potential	No	""	No		""	1	Visit 0 (Day -30 to 0)	SCREENING	2020-04-28	-10
BNT162-01	RP	BNT162-01-276-01-0041	2	NON_REAS	Reason for Non-childbearing potential	Surgically sterilized	""	Surgically sterilized		""	1	Visit 0 (Day -30 to 0)	SCREENING	2020-04-28	-10
BNT162-01	RP	BNT162-01-276-01-0041	3	STER_DTC	Date of Sterilization	2017-10-18	""	2017-10-18		""	1	Visit 0 (Day -30 to 0)	SCREENING	2020-04-28	-10
BNT162-01	RP	BNT162-01-276-01-0042	1	CHILDPOT	Childbearing Potential	Yes	""	Yes		""	1	Visit 0 (Day -30 to 0)	SCREENING	2020-04-28	-10
BNT162-01	RP	BNT162-01-276-01-0043	1	CHILDPOT	Childbearing Potential	No	""	No		""	1	Visit 0 (Day -30 to 0)	SCREENING	2020-04-28	-9
BNT162-01	RP	BNT162-01-276-01-0043	2	NON_REAS	Reason for Non-childbearing potential	Surgically sterilized	""	Surgically sterilized		""	1	Visit 0 (Day -30 to 0)	SCREENING	2020-04-28	-9
BNT162-01	RP	BNT162-01-276-01-0043	3	STER_DTC	Date of Sterilization	2014-04	""	2014-04		""	1	Visit 0 (Day -30 to 0)	SCREENING	2020-04-28	-9
BNT162-01	RP	BNT162-01-276-01-0045	1	CHILDPOT	Childbearing Potential	Yes	""	Yes		""	1	Visit 0 (Day -30 to 0)	SCREENING	2020-04-28	-7
BNT162-01	RP	BNT162-01-276-01-0050	1	CHILDPOT	Childbearing Potential	Yes	""	Yes		""	1	Visit 0 (Day -30 to 0)	SCREENING	2020-05-05	-10
BNT162-01	RP	BNT162-01-276-01-0055	1	CHILDPOT	Childbearing Potential	No	""	No		""	1	Visit 0 (Day -30 to 0)	SCREENING	2020-05-07	-6
BNT162-01	RP	BNT162-01-276-01-0055	2	NON_REAS	Reason for Non-childbearing potential	Surgically sterilized	""	Surgically sterilized		""	1	Visit 0 (Day -30 to 0)	SCREENING	2020-05-07	-6
BNT162-01	RP	BNT162-01-276-01-0055	3	STER_DTC	Date of Sterilization	2015	""	2015		""	1	Visit 0 (Day -30 to 0)	SCREENING	2020-05-07	-6
BNT162-01	RP	BNT162-01-276-01-0056	1	CHILDPOT	Childbearing Potential	Yes	""	Yes		""	1	Visit 0 (Day -30 to 0)	SCREENING	2020-05-07	-6
BNT162-01	RP	BNT162-01-276-01-0059	1	CHILDPOT	Childbearing Potential	Yes	""	Yes		""	1	Visit 0 (Day -30 to 0)	SCREENING	2020-05-07	-6
BNT162-01	RP	BNT162-01-276-01-0068	1	CHILDPOT	Childbearing Potential	Yes	""	Yes		""	1	Visit 0 (Day -30 to 0)	SCREENING	2020-05-08	-7
BNT162-01	RP	BNT162-01-276-01-0073	1	CHILDPOT	Childbearing Potential	Yes	""	Yes		""	1	Visit 0 (Day -30 to 0)	SCREENING	2020-05-11	-4
BNT162-01	RP	BNT162-01-276-01-0075	1	CHILDPOT	Childbearing Potential	Yes	""	Yes		""	1	Visit 0 (Day -30 to 0)	SCREENING	2020-05-11	-11
BNT162-01	RP	BNT162-01-276-01-0076	1	CHILDPOT	Childbearing Potential	No	""	No		""	1	Visit 0 (Day -30 to 0)	SCREENING	2020-05-11	-11
BNT162-01	RP	BNT162-01-276-01-0076	2	NON_REAS	Reason for Non-childbearing potential	Surgically sterilized	""	Surgically sterilized		""	1	Visit 0 (Day -30 to 0)	SCREENING	2020-05-11	-11
BNT162-01	RP	BNT162-01-276-01-0076	3	STER_DTC	Date of Sterilization	2009	""	2009		""	1	Visit 0 (Day -30 to 0)	SCREENING	2020-05-11	-11
BNT162-01	RP	BNT162-01-276-01-0083	1	CHILDPOT	Childbearing Potential	Yes	""	Yes		""	1	Visit 0 (Day -30 to 0)	SCREENING	2020-05-12	-8
BNT162-01	RP	BNT162-01-276-01-0089	1	CHILDPOT	Childbearing Potential	No	""	No		""	1	Visit 0 (Day -30 to 0)	SCREENING	2020-05-12	-8
BNT162-01	RP	BNT162-01-276-01-0089	2	LMPSTDTC	Last Menstrual Period Start Date	2011-01	""	2011-01		""	1	Visit 0 (Day -30 to 0)	SCREENING	2020-05-12	-8
BNT162-01	RP	BNT162-01-276-01-0089	3	NON_REAS	Reason for Non-childbearing potential	Postmenopausal (>=12 months),Surgically sterilized	""	Postmenopausal (>=12 months),Surgically sterilized		""	1	Visit 0 (Day -30 to 0)	SCREENING	2020-05-12	-8
BNT162-01	RP	BNT162-01-276-01-0089	4	STER_DTC	Date of Sterilization	2011-01	""	2011-01		""	1	Visit 0 (Day -30 to 0)	SCREENING	2020-05-12	-8
BNT162-01	RP	BNT162-01-276-01-0103	1	CHILDPOT	Childbearing Potential	Yes	""	Yes		""	1	Visit 0 (Day -30 to 0)	SCREENING	2020-05-14	-8
BNT162-01	RP	BNT162-01-276-01-0172	1	CHILDPOT	Childbearing Potential	Yes	""	Yes		""	1	Visit 0 (Day -30 to 0)	SCREENING	2020-07-07	-9
BNT162-01	RP	BNT162-01-276-01-0178	1	CHILDPOT	Childbearing Potential	Yes	""	Yes		""	1	Visit 0 (Day -30 to 0)	SCREENING	2020-07-07	-9
BNT162-01	RP	BNT162-01-276-01-0182	1	CHILDPOT	Childbearing Potential	Yes	""	Yes		""	1	Visit 0 (Day -30 to 0)	SCREENING	2020-07-09	-7
BNT162-01	RP	BNT162-01-276-01-0183	1	CHILDPOT	Childbearing Potential	No	""	No		""	1	Visit 0 (Day -30 to 0)	SCREENING	2020-07-09	-7
BNT162-01	RP	BNT162-01-276-01-0183	2	LMPSTDTC	Last Menstrual Period Start Date	2015-04-08	""	2015-04-08		""	1	Visit 0 (Day -30 to 0)	SCREENING	2020-07-09	-7
BNT162-01	RP	BNT162-01-276-01-0183	3	NON_REAS	Reason for Non-childbearing potential	Postmenopausal (>=12 months)	""	Postmenopausal (>=12 months)		""	1	Visit 0 (Day -30 to 0)	SCREENING	2020-07-09	-7
BNT162-01	RP	BNT162-01-276-01-0194	1	CHILDPOT	Childbearing Potential	Yes	""	Yes		""	1	Visit 0 (Day -30 to 0)	SCREENING	2020-07-13	-9
BNT162-01	RP	BNT162-01-276-01-0198	1	CHILDPOT	Childbearing Potential	Yes	""	Yes		""	1	Visit 0 (Day -30 to 0)	SCREENING	2020-07-15	-7
BNT162-01	RP	BNT162-01-276-01-0209	1	CHILDPOT	Childbearing Potential	No	""	No		""	1	Visit 0 (Day -30 to 0)	SCREENING	2020-07-17	-5
BNT162-01	RP	BNT162-01-276-01-0209	2	LMPSTDTC	Last Menstrual Period Start Date	2014	""	2014		""	1	Visit 0 (Day -30 to 0)	SCREENING	2020-07-17	-5
BNT162-01	RP	BNT162-01-276-01-0209	3	NON_REAS	Reason for Non-childbearing potential	Postmenopausal (>=12 months),Surgically sterilized	""	Postmenopausal (>=12 months),Surgically sterilized		""	1	Visit 0 (Day -30 to 0)	SCREENING	2020-07-17	-5
BNT162-01	RP	BNT162-01-276-01-0209	4	STER_DTC	Date of Sterilization	2013	""	2013		""	1	Visit 0 (Day -30 to 0)	SCREENING	2020-07-17	-5
BNT162-01	RP	BNT162-01-276-01-0212	1	CHILDPOT	Childbearing Potential	No	""	No		""	1	Visit 0 (Day -30 to 0)	SCREENING	2020-07-17	-5
BNT162-01	RP	BNT162-01-276-01-0212	2	NON_REAS	Reason for Non-childbearing potential	Surgically sterilized	""	Surgically sterilized		""	1	Visit 0 (Day -30 to 0)	SCREENING	2020-07-17	-5
BNT162-01	RP	BNT162-01-276-01-0212	3	STER_DTC	Date of Sterilization	2016-02	""	2016-02		""	1	Visit 0 (Day -30 to 0)	SCREENING	2020-07-17	-5
BNT162-01	RP	BNT162-01-276-01-0224	1	CHILDPOT	Childbearing Potential	Yes	""	Yes		""	1	Visit 0 (Day -30 to 0)	SCREENING	2020-07-24	-7
BNT162-01	RP	BNT162-01-276-01-0226	1	CHILDPOT	Childbearing Potential	Yes	""	Yes		""	1	Visit 0 (Day -30 to 0)	SCREENING	2020-07-24	-7
BNT162-01	RP	BNT162-01-276-01-0268	1	CHILDPOT	Childbearing Potential	No	""	No		""	1	Visit 0 (Day -30 to 0)	SCREENING	2020-08-05	-13
BNT162-01	RP	BNT162-01-276-01-0268	2	LMPSTDTC	Last Menstrual Period Start Date	2016-07	""	2016-07		""	1	Visit 0 (Day -30 to 0)	SCREENING	2020-08-05	-13
BNT162-01	RP	BNT162-01-276-01-0268	3	NON_REAS	Reason for Non-childbearing potential	Postmenopausal (>=12 months)	""	Postmenopausal (>=12 months)		""	1	Visit 0 (Day -30 to 0)	SCREENING	2020-08-05	-13
BNT162-01	RP	BNT162-01-276-01-0269	1	CHILDPOT	Childbearing Potential	No	""	No		""	1	Visit 0 (Day -30 to 0)	SCREENING	2020-08-05	-13
BNT162-01	RP	BNT162-01-276-01-0269	2	LMPSTDTC	Last Menstrual Period Start Date	1995	""	1995		""	1	Visit 0 (Day -30 to 0)	SCREENING	2020-08-05	-13
BNT162-01	RP	BNT162-01-276-01-0269	3	NON_REAS	Reason for Non-childbearing potential	Postmenopausal (>=12 months)	""	Postmenopausal (>=12 months)		""	1	Visit 0 (Day -30 to 0)	SCREENING	2020-08-05	-13
BNT162-01	RP	BNT162-01-276-01-0272	1	CHILDPOT	Childbearing Potential	No	""	No		""	1	Visit 0 (Day -30 to 0)	SCREENING	2020-08-12	-23
BNT162-01	RP	BNT162-01-276-01-0272	2	LMPSTDTC	Last Menstrual Period Start Date	2015	""	2015		""	1	Visit 0 (Day -30 to 0)	SCREENING	2020-08-12	-23
BNT162-01	RP	BNT162-01-276-01-0272	3	NON_REAS	Reason for Non-childbearing potential	Postmenopausal (>=12 months)	""	Postmenopausal (>=12 months)		""	1	Visit 0 (Day -30 to 0)	SCREENING	2020-08-12	-23
BNT162-01	RP	BNT162-01-276-01-0273	1	CHILDPOT	Childbearing Potential	No	""	No		""	1	Visit 0 (Day -30 to 0)	SCREENING	2020-08-12	-15
BNT162-01	RP	BNT162-01-276-01-0273	2	LMPSTDTC	Last Menstrual Period Start Date	1998	""	1998		""	1	Visit 0 (Day -30 to 0)	SCREENING	2020-08-12	-15
BNT162-01	RP	BNT162-01-276-01-0273	3	NON_REAS	Reason for Non-childbearing potential	Postmenopausal (>=12 months)	""	Postmenopausal (>=12 months)		""	1	Visit 0 (Day -30 to 0)	SCREENING	2020-08-12	-15
BNT162-01	RP	BNT162-01-276-01-0276	1	CHILDPOT	Childbearing Potential	No	""	No		""	1	Visit 0 (Day -30 to 0)	SCREENING	2020-08-12	-8
BNT162-01	RP	BNT162-01-276-01-0276	2	LMPSTDTC	Last Menstrual Period Start Date	2004	""	2004		""	1	Visit 0 (Day -30 to 0)	SCREENING	2020-08-12	-8
BNT162-01	RP	BNT162-01-276-01-0276	3	NON_REAS	Reason for Non-childbearing potential	Postmenopausal (>=12 months)	""	Postmenopausal (>=12 months)		""	1	Visit 0 (Day -30 to 0)	SCREENING	2020-08-12	-8
BNT162-01	RP	BNT162-01-276-01-0282	1	CHILDPOT	Childbearing Potential	No	""	No		""	1	Visit 0 (Day -30 to 0)	SCREENING	2020-08-14	-6
BNT162-01	RP	BNT162-01-276-01-0282	2	NON_REAS	Reason for Non-childbearing potential	Other	""	Other		""	1	Visit 0 (Day -30 to 0)	SCREENING	2020-08-14	-6
BNT162-01	RP	BNT162-01-276-01-0286	1	CHILDPOT	Childbearing Potential	No	""	No		""	1	Visit 0 (Day -30 to 0)	SCREENING	2020-08-14	-11
BNT162-01	RP	BNT162-01-276-01-0286	2	LMPSTDTC	Last Menstrual Period Start Date	2001	""	2001		""	1	Visit 0 (Day -30 to 0)	SCREENING	2020-08-14	-11
BNT162-01	RP	BNT162-01-276-01-0286	3	NON_REAS	Reason for Non-childbearing potential	Postmenopausal (>=12 months)	""	Postmenopausal (>=12 months)		""	1	Visit 0 (Day -30 to 0)	SCREENING	2020-08-14	-11
BNT162-01	RP	BNT162-01-276-01-0288	1	CHILDPOT	Childbearing Potential	No	""	No		""	1	Visit 0 (Day -30 to 0)	SCREENING	2020-08-14	-11
BNT162-01	RP	BNT162-01-276-01-0288	2	LMPSTDTC	Last Menstrual Period Start Date	2008	""	2008		""	1	Visit 0 (Day -30 to 0)	SCREENING	2020-08-14	-11
BNT162-01	RP	BNT162-01-276-01-0288	3	NON_REAS	Reason for Non-childbearing potential	Postmenopausal (>=12 months)	""	Postmenopausal (>=12 months)		""	1	Visit 0 (Day -30 to 0)	SCREENING	2020-08-14	-11
BNT162-01	RP	BNT162-01-276-01-0300	1	CHILDPOT	Childbearing Potential	No	""	No		""	1	Visit 0 (Day -30 to 0)	SCREENING	2020-08-17	-3
BNT162-01	RP	BNT162-01-276-01-0300	2	LMPSTDTC	Last Menstrual Period Start Date	2008	""	2008		""	1	Visit 0 (Day -30 to 0)	SCREENING	2020-08-17	-3
BNT162-01	RP	BNT162-01-276-01-0300	3	NON_REAS	Reason for Non-childbearing potential	Postmenopausal (>=12 months)	""	Postmenopausal (>=12 months)		""	1	Visit 0 (Day -30 to 0)	SCREENING	2020-08-17	-3
BNT162-01	RP	BNT162-01-276-01-0303	1	CHILDPOT	Childbearing Potential	No	""	No		""	1	Visit 0 (Day -30 to 0)	SCREENING	2020-08-17	-18
BNT162-01	RP	BNT162-01-276-01-0303	2	LMPSTDTC	Last Menstrual Period Start Date	2013	""	2013		""	1	Visit 0 (Day -30 to 0)	SCREENING	2020-08-17	-18
BNT162-01	RP	BNT162-01-276-01-0303	3	NON_REAS	Reason for Non-childbearing potential	Postmenopausal (>=12 months)	""	Postmenopausal (>=12 months)		""	1	Visit 0 (Day -30 to 0)	SCREENING	2020-08-17	-18
BNT162-01	RP	BNT162-01-276-01-0306	1	CHILDPOT	Childbearing Potential	No	""	No		""	1	Visit 0 (Day -30 to 0)	SCREENING	2020-08-21	-11
BNT162-01	RP	BNT162-01-276-01-0306	2	LMPSTDTC	Last Menstrual Period Start Date	2005	""	2005		""	1	Visit 0 (Day -30 to 0)	SCREENING	2020-08-21	-11
BNT162-01	RP	BNT162-01-276-01-0306	3	NON_REAS	Reason for Non-childbearing potential	Postmenopausal (>=12 months),Other	""	Postmenopausal (>=12 months),Other		""	1	Visit 0 (Day -30 to 0)	SCREENING	2020-08-21	-11
BNT162-01	RP	BNT162-01-276-01-0310	1	CHILDPOT	Childbearing Potential	No	""	No		""	1	Visit 0 (Day -30 to 0)	SCREENING	2020-08-21	-12
BNT162-01	RP	BNT162-01-276-01-0310	2	LMPSTDTC	Last Menstrual Period Start Date	2002	""	2002		""	1	Visit 0 (Day -30 to 0)	SCREENING	2020-08-21	-12
BNT162-01	RP	BNT162-01-276-01-0310	3	NON_REAS	Reason for Non-childbearing potential	Postmenopausal (>=12 months)	""	Postmenopausal (>=12 months)		""	1	Visit 0 (Day -30 to 0)	SCREENING	2020-08-21	-12
BNT162-01	RP	BNT162-01-276-01-0314	1	CHILDPOT	Childbearing Potential	No	""	No		""	1	Visit 0 (Day -30 to 0)	SCREENING	2020-08-21	-12
BNT162-01	RP	BNT162-01-276-01-0314	2	LMPSTDTC	Last Menstrual Period Start Date	2006	""	2006		""	1	Visit 0 (Day -30 to 0)	SCREENING	2020-08-21	-12
BNT162-01	RP	BNT162-01-276-01-0314	3	NON_REAS	Reason for Non-childbearing potential	Postmenopausal (>=12 months),Other	""	Postmenopausal (>=12 months),Other		""	1	Visit 0 (Day -30 to 0)	SCREENING	2020-08-21	-12
BNT162-01	RP	BNT162-01-276-01-0319	1	CHILDPOT	Childbearing Potential	No	""	No		""	1	Visit 0 (Day -30 to 0)	SCREENING	2020-08-24	-11
BNT162-01	RP	BNT162-01-276-01-0319	2	LMPSTDTC	Last Menstrual Period Start Date	1990	""	1990		""	1	Visit 0 (Day -30 to 0)	SCREENING	2020-08-24	-11
BNT162-01	RP	BNT162-01-276-01-0319	3	NON_REAS	Reason for Non-childbearing potential	Postmenopausal (>=12 months),Other	""	Postmenopausal (>=12 months),Other		""	1	Visit 0 (Day -30 to 0)	SCREENING	2020-08-24	-11
BNT162-01	RP	BNT162-01-276-01-0320	1	CHILDPOT	Childbearing Potential	No	""	No		""	1	Visit 0 (Day -30 to 0)	SCREENING	2020-08-24	-3
BNT162-01	RP	BNT162-01-276-01-0320	2	LMPSTDTC	Last Menstrual Period Start Date	2007	""	2007		""	1	Visit 0 (Day -30 to 0)	SCREENING	2020-08-24	-3
BNT162-01	RP	BNT162-01-276-01-0320	3	NON_REAS	Reason for Non-childbearing potential	Postmenopausal (>=12 months)	""	Postmenopausal (>=12 months)		""	1	Visit 0 (Day -30 to 0)	SCREENING	2020-08-24	-3
BNT162-01	RP	BNT162-01-276-01-0323	1	CHILDPOT	Childbearing Potential	No	""	No		""	1	Visit 0 (Day -30 to 0)	SCREENING	2020-08-24	-11
BNT162-01	RP	BNT162-01-276-01-0323	2	LMPSTDTC	Last Menstrual Period Start Date	2005	""	2005		""	1	Visit 0 (Day -30 to 0)	SCREENING	2020-08-24	-11
BNT162-01	RP	BNT162-01-276-01-0323	3	NON_REAS	Reason for Non-childbearing potential	Postmenopausal (>=12 months),Surgically sterilized	""	Postmenopausal (>=12 months),Surgically sterilized		""	1	Visit 0 (Day -30 to 0)	SCREENING	2020-08-24	-11
BNT162-01	RP	BNT162-01-276-01-0323	4	STER_DTC	Date of Sterilization	1979	""	1979		""	1	Visit 0 (Day -30 to 0)	SCREENING	2020-08-24	-11
BNT162-01	RP	BNT162-01-276-01-0324	1	CHILDPOT	Childbearing Potential	No	""	No		""	1	Visit 0 (Day -30 to 0)	SCREENING	2020-08-24	-9
BNT162-01	RP	BNT162-01-276-01-0324	2	LMPSTDTC	Last Menstrual Period Start Date	2010	""	2010		""	1	Visit 0 (Day -30 to 0)	SCREENING	2020-08-24	-9
BNT162-01	RP	BNT162-01-276-01-0324	3	NON_REAS	Reason for Non-childbearing potential	Postmenopausal (>=12 months),Surgically sterilized	""	Postmenopausal (>=12 months),Surgically sterilized		""	1	Visit 0 (Day -30 to 0)	SCREENING	2020-08-24	-9
BNT162-01	RP	BNT162-01-276-01-0324	4	STER_DTC	Date of Sterilization	1990-01	""	1990-01		""	1	Visit 0 (Day -30 to 0)	SCREENING	2020-08-24	-9
BNT162-01	RP	BNT162-01-276-01-0350	1	CHILDPOT	Childbearing Potential	No	""	No		""	1	Visit 0 (Day -30 to 0)	SCREENING	2020-09-14	-11
BNT162-01	RP	BNT162-01-276-01-0350	2	LMPSTDTC	Last Menstrual Period Start Date	2014	""	2014		""	1	Visit 0 (Day -30 to 0)	SCREENING	2020-09-14	-11
BNT162-01	RP	BNT162-01-276-01-0350	3	NON_REAS	Reason for Non-childbearing potential	Postmenopausal (>=12 months)	""	Postmenopausal (>=12 months)		""	1	Visit 0 (Day -30 to 0)	SCREENING	2020-09-14	-11
BNT162-01	RP	BNT162-01-276-01-0353	1	CHILDPOT	Childbearing Potential	No	""	No		""	1	Visit 0 (Day -30 to 0)	SCREENING	2020-09-14	-8
BNT162-01	RP	BNT162-01-276-01-0353	2	LMPSTDTC	Last Menstrual Period Start Date	2003	""	2003		""	1	Visit 0 (Day -30 to 0)	SCREENING	2020-09-14	-8
BNT162-01	RP	BNT162-01-276-01-0353	3	NON_REAS	Reason for Non-childbearing potential	Postmenopausal (>=12 months)	""	Postmenopausal (>=12 months)		""	1	Visit 0 (Day -30 to 0)	SCREENING	2020-09-14	-8
BNT162-01	RP	BNT162-01-276-01-0358	1	CHILDPOT	Childbearing Potential	No	""	No		""	1	Visit 0 (Day -30 to 0)	SCREENING	2020-09-14	-9
BNT162-01	RP	BNT162-01-276-01-0358	2	LMPSTDTC	Last Menstrual Period Start Date	2007	""	2007		""	1	Visit 0 (Day -30 to 0)	SCREENING	2020-09-14	-9
BNT162-01	RP	BNT162-01-276-01-0358	3	NON_REAS	Reason for Non-childbearing potential	Postmenopausal (>=12 months)	""	Postmenopausal (>=12 months)		""	1	Visit 0 (Day -30 to 0)	SCREENING	2020-09-14	-9
BNT162-01	RP	BNT162-01-276-01-0360	1	CHILDPOT	Childbearing Potential	No	""	No		""	1	Visit 0 (Day -30 to 0)	SCREENING	2020-09-14	-9
BNT162-01	RP	BNT162-01-276-01-0360	2	LMPSTDTC	Last Menstrual Period Start Date	2018-12	""	2018-12		""	1	Visit 0 (Day -30 to 0)	SCREENING	2020-09-14	-9
BNT162-01	RP	BNT162-01-276-01-0360	3	NON_REAS	Reason for Non-childbearing potential	Postmenopausal (>=12 months)	""	Postmenopausal (>=12 months)		""	1	Visit 0 (Day -30 to 0)	SCREENING	2020-09-14	-9
BNT162-01	RP	BNT162-01-276-01-0361	1	CHILDPOT	Childbearing Potential	No	""	No		""	1	Visit 0 (Day -30 to 0)	SCREENING	2020-09-14	-11
BNT162-01	RP	BNT162-01-276-01-0361	2	LMPSTDTC	Last Menstrual Period Start Date	2001	""	2001		""	1	Visit 0 (Day -30 to 0)	SCREENING	2020-09-14	-11
BNT162-01	RP	BNT162-01-276-01-0361	3	NON_REAS	Reason for Non-childbearing potential	Postmenopausal (>=12 months)	""	Postmenopausal (>=12 months)		""	1	Visit 0 (Day -30 to 0)	SCREENING	2020-09-14	-11
BNT162-01	RP	BNT162-01-276-01-0363	1	CHILDPOT	Childbearing Potential	No	""	No		""	1	Visit 0 (Day -30 to 0)	SCREENING	2020-09-14	-11
BNT162-01	RP	BNT162-01-276-01-0363	2	LMPSTDTC	Last Menstrual Period Start Date	2016	""	2016		""	1	Visit 0 (Day -30 to 0)	SCREENING	2020-09-14	-11
BNT162-01	RP	BNT162-01-276-01-0363	3	NON_REAS	Reason for Non-childbearing potential	Postmenopausal (>=12 months)	""	Postmenopausal (>=12 months)		""	1	Visit 0 (Day -30 to 0)	SCREENING	2020-09-14	-11
BNT162-01	RP	BNT162-01-276-01-0365	1	CHILDPOT	Childbearing Potential	No	""	No		""	1	Visit 0 (Day -30 to 0)	SCREENING	2020-09-14	-9
BNT162-01	RP	BNT162-01-276-01-0365	2	LMPSTDTC	Last Menstrual Period Start Date	2007	""	2007		""	1	Visit 0 (Day -30 to 0)	SCREENING	2020-09-14	-9
BNT162-01	RP	BNT162-01-276-01-0365	3	NON_REAS	Reason for Non-childbearing potential	Postmenopausal (>=12 months)	""	Postmenopausal (>=12 months)		""	1	Visit 0 (Day -30 to 0)	SCREENING	2020-09-14	-9
BNT162-01	RP	BNT162-01-276-01-0366	1	CHILDPOT	Childbearing Potential	No	""	No		""	1	Visit 0 (Day -30 to 0)	SCREENING	2020-09-14	-9
BNT162-01	RP	BNT162-01-276-01-0366	2	LMPSTDTC	Last Menstrual Period Start Date	2002	""	2002		""	1	Visit 0 (Day -30 to 0)	SCREENING	2020-09-14	-9
BNT162-01	RP	BNT162-01-276-01-0366	3	NON_REAS	Reason for Non-childbearing potential	Postmenopausal (>=12 months)	""	Postmenopausal (>=12 months)		""	1	Visit 0 (Day -30 to 0)	SCREENING	2020-09-14	-9
BNT162-01	RP	BNT162-01-276-02-0103	1	CHILDPOT	Childbearing Potential	Yes	""	Yes		""	1	Visit 0 (Day -30 to 0)	SCREENING	2020-05-18	-28
BNT162-01	RP	BNT162-01-276-02-0104	1	CHILDPOT	Childbearing Potential	Yes	""	Yes		""	1	Visit 0 (Day -30 to 0)	SCREENING	2020-05-18	-29
BNT162-01	RP	BNT162-01-276-02-0105	1	CHILDPOT	Childbearing Potential	Yes	""	Yes		""	1	Visit 0 (Day -30 to 0)	SCREENING	2020-05-18	-29
BNT162-01	RP	BNT162-01-276-02-0110	1	CHILDPOT	Childbearing Potential	No	""	No		""	1	Visit 0 (Day -30 to 0)	SCREENING	2020-05-19	-28
BNT162-01	RP	BNT162-01-276-02-0110	2	NON_REAS	Reason for Non-childbearing potential	Surgically sterilized	""	Surgically sterilized		""	1	Visit 0 (Day -30 to 0)	SCREENING	2020-05-19	-28
BNT162-01	RP	BNT162-01-276-02-0110	3	STER_DTC	Date of Sterilization	2005	""	2005		""	1	Visit 0 (Day -30 to 0)	SCREENING	2020-05-19	-28
BNT162-01	RP	BNT162-01-276-02-0111	1	CHILDPOT	Childbearing Potential	Yes	""	Yes		""	1	Visit 0 (Day -30 to 0)	SCREENING	2020-05-19	-30
BNT162-01	RP	BNT162-01-276-02-0116	1	CHILDPOT	Childbearing Potential	Yes	""	Yes		""	1	Visit 0 (Day -30 to 0)	SCREENING	2020-05-20	-29
BNT162-01	RP	BNT162-01-276-02-0118	1	CHILDPOT	Childbearing Potential	Yes	""	Yes		""	1	Visit 0 (Day -30 to 0)	SCREENING	2020-05-20	-29
BNT162-01	RP	BNT162-01-276-02-0121	1	CHILDPOT	Childbearing Potential	Yes	""	Yes		""	1	Visit 0 (Day -30 to 0)	SCREENING	2020-05-20	-29
BNT162-01	RP	BNT162-01-276-02-0138	1	CHILDPOT	Childbearing Potential	Yes	""	Yes		""	1	Visit 0 (Day -30 to 0)	SCREENING	2020-06-08	-17
BNT162-01	RP	BNT162-01-276-02-0142	1	CHILDPOT	Childbearing Potential	No	""	No		""	1	Visit 0 (Day -30 to 0)	SCREENING	2020-06-08	-17
BNT162-01	RP	BNT162-01-276-02-0142	2	LMPSTDTC	Last Menstrual Period Start Date	2007-03	""	2007-03		""	1	Visit 0 (Day -30 to 0)	SCREENING	2020-06-08	-17
BNT162-01	RP	BNT162-01-276-02-0142	3	NON_REAS	Reason for Non-childbearing potential	Postmenopausal (>=12 months)	""	Postmenopausal (>=12 months)		""	1	Visit 0 (Day -30 to 0)	SCREENING	2020-06-08	-17
BNT162-01	RP	BNT162-01-276-02-0144	1	CHILDPOT	Childbearing Potential	Yes	""	Yes		""	1	Visit 0 (Day -30 to 0)	SCREENING	2020-06-08	-17
BNT162-01	RP	BNT162-01-276-02-0149	1	CHILDPOT	Childbearing Potential	No	""	No		""	1	Visit 0 (Day -30 to 0)	SCREENING	2020-06-09	-13
BNT162-01	RP	BNT162-01-276-02-0149	2	LMPSTDTC	Last Menstrual Period Start Date	2013	""	2013		""	1	Visit 0 (Day -30 to 0)	SCREENING	2020-06-09	-13
BNT162-01	RP	BNT162-01-276-02-0149	3	NON_REAS	Reason for Non-childbearing potential	Postmenopausal (>=12 months)	""	Postmenopausal (>=12 months)		""	1	Visit 0 (Day -30 to 0)	SCREENING	2020-06-09	-13
BNT162-01	RP	BNT162-01-276-02-0153	1	CHILDPOT	Childbearing Potential	No	""	No		""	1	Visit 0 (Day -30 to 0)	SCREENING	2020-06-12	-17
BNT162-01	RP	BNT162-01-276-02-0153	2	LMPSTDTC	Last Menstrual Period Start Date	2017	""	2017		""	1	Visit 0 (Day -30 to 0)	SCREENING	2020-06-12	-17
BNT162-01	RP	BNT162-01-276-02-0153	3	NON_REAS	Reason for Non-childbearing potential	Postmenopausal (>=12 months)	""	Postmenopausal (>=12 months)		""	1	Visit 0 (Day -30 to 0)	SCREENING	2020-06-12	-17
BNT162-01	RP	BNT162-01-276-02-0156	1	CHILDPOT	Childbearing Potential	Yes	""	Yes		""	1	Visit 0 (Day -30 to 0)	SCREENING	2020-06-12	-20
BNT162-01	RP	BNT162-01-276-02-0160	1	CHILDPOT	Childbearing Potential	Yes	""	Yes		""	1	Visit 0 (Day -30 to 0)	SCREENING	2020-06-15	-14
BNT162-01	RP	BNT162-01-276-02-0164	1	CHILDPOT	Childbearing Potential	Yes	""	Yes		""	1	Visit 0 (Day -30 to 0)	SCREENING	2020-06-19	-24
BNT162-01	RP	BNT162-01-276-02-0168	1	CHILDPOT	Childbearing Potential	Yes	""	Yes		""	1	Visit 0 (Day -30 to 0)	SCREENING	2020-06-19	-12
BNT162-01	RP	BNT162-01-276-02-0171	1	CHILDPOT	Childbearing Potential	Yes	""	Yes		""	1	Visit 0 (Day -30 to 0)	SCREENING	2020-06-22	-21
BNT162-01	RP	BNT162-01-276-02-0172	1	CHILDPOT	Childbearing Potential	Yes	""	Yes		""	1	Visit 0 (Day -30 to 0)	SCREENING	2020-06-22	-10
BNT162-01	RP	BNT162-01-276-02-0173	1	CHILDPOT	Childbearing Potential	Yes	""	Yes		""	1	Visit 0 (Day -30 to 0)	SCREENING	2020-06-30	-2
BNT162-01	RP	BNT162-01-276-02-0175	1	CHILDPOT	Childbearing Potential	Yes	""	Yes		""	1	Visit 0 (Day -30 to 0)	SCREENING	2020-07-03	-3
BNT162-01	RP	BNT162-01-276-02-0177	1	CHILDPOT	Childbearing Potential	Yes	""	Yes		""	1	Visit 0 (Day -30 to 0)	SCREENING	2020-07-03	-3
BNT162-01	RP	BNT162-01-276-02-0178	1	CHILDPOT	Childbearing Potential	No	""	No		""	1	Visit 0 (Day -30 to 0)	SCREENING	2020-07-03	-3
BNT162-01	RP	BNT162-01-276-02-0178	2	LMPSTDTC	Last Menstrual Period Start Date	2015	""	2015		""	1	Visit 0 (Day -30 to 0)	SCREENING	2020-07-03	-3
BNT162-01	RP	BNT162-01-276-02-0178	3	NON_REAS	Reason for Non-childbearing potential	Postmenopausal (>=12 months)	""	Postmenopausal (>=12 months)		""	1	Visit 0 (Day -30 to 0)	SCREENING	2020-07-03	-3
BNT162-01	RP	BNT162-01-276-02-0179	1	CHILDPOT	Childbearing Potential	No	""	No		""	1	Visit 0 (Day -30 to 0)	SCREENING	2020-07-03	-3
BNT162-01	RP	BNT162-01-276-02-0179	2	LMPSTDTC	Last Menstrual Period Start Date	2019	""	2019		""	1	Visit 0 (Day -30 to 0)	SCREENING	2020-07-03	-3
BNT162-01	RP	BNT162-01-276-02-0179	3	NON_REAS	Reason for Non-childbearing potential	Postmenopausal (>=12 months)	""	Postmenopausal (>=12 months)		""	1	Visit 0 (Day -30 to 0)	SCREENING	2020-07-03	-3
BNT162-01	RP	BNT162-01-276-02-0180	1	CHILDPOT	Childbearing Potential	No	""	No		""	1	Visit 0 (Day -30 to 0)	SCREENING	2020-07-03	-10
BNT162-01	RP	BNT162-01-276-02-0180	2	LMPSTDTC	Last Menstrual Period Start Date	2018	""	2018		""	1	Visit 0 (Day -30 to 0)	SCREENING	2020-07-03	-10
BNT162-01	RP	BNT162-01-276-02-0180	3	NON_REAS	Reason for Non-childbearing potential	Postmenopausal (>=12 months)	""	Postmenopausal (>=12 months)		""	1	Visit 0 (Day -30 to 0)	SCREENING	2020-07-03	-10
BNT162-01	RP	BNT162-01-276-02-0181	1	CHILDPOT	Childbearing Potential	Yes	""	Yes		""	1	Visit 0 (Day -30 to 0)	SCREENING	2020-07-03	-25
BNT162-01	RP	BNT162-01-276-02-0183	1	CHILDPOT	Childbearing Potential	Yes	""	Yes		""	1	Visit 0 (Day -30 to 0)	SCREENING	2020-07-08	-5
BNT162-01	RP	BNT162-01-276-02-0185	1	CHILDPOT	Childbearing Potential	Yes	""	Yes		""	1	Visit 0 (Day -30 to 0)	SCREENING	2020-07-13	-16
BNT162-01	RP	BNT162-01-276-02-0192	1	CHILDPOT	Childbearing Potential	Yes	""	Yes		""	1	Visit 0 (Day -30 to 0)	SCREENING	2020-07-22	-6
BNT162-01	RP	BNT162-01-276-02-0194	1	CHILDPOT	Childbearing Potential	No	""	No		""	1	Visit 0 (Day -30 to 0)	SCREENING	2020-07-22	-7
BNT162-01	RP	BNT162-01-276-02-0194	2	LMPSTDTC	Last Menstrual Period Start Date	2018-07-01	""	2018-07-01		""	1	Visit 0 (Day -30 to 0)	SCREENING	2020-07-22	-7
BNT162-01	RP	BNT162-01-276-02-0194	3	NON_REAS	Reason for Non-childbearing potential	Postmenopausal (>=12 months)	""	Postmenopausal (>=12 months)		""	1	Visit 0 (Day -30 to 0)	SCREENING	2020-07-22	-7
BNT162-01	RP	BNT162-01-276-02-0197	1	CHILDPOT	Childbearing Potential	Yes	""	Yes		""	1	Visit 0 (Day -30 to 0)	SCREENING	2020-07-22	-6
BNT162-01	RP	BNT162-01-276-02-0200	1	CHILDPOT	Childbearing Potential	Yes	""	Yes		""	1	Visit 0 (Day -30 to 0)	SCREENING	2020-07-27	-3
BNT162-01	RP	BNT162-01-276-02-0201	1	CHILDPOT	Childbearing Potential	Yes	""	Yes		""	1	Visit 0 (Day -30 to 0)	SCREENING	2020-07-27	-10
BNT162-01	RP	BNT162-01-276-02-0203	1	CHILDPOT	Childbearing Potential	Yes	""	Yes		""	1	Visit 0 (Day -30 to 0)	SCREENING	2020-07-27	-4
BNT162-01	RP	BNT162-01-276-02-0207	1	CHILDPOT	Childbearing Potential	No	""	No		""	1	Visit 0 (Day -30 to 0)	SCREENING	2020-08-10	-30
BNT162-01	RP	BNT162-01-276-02-0207	2	NON_REAS	Reason for Non-childbearing potential	Surgically sterilized	""	Surgically sterilized		""	1	Visit 0 (Day -30 to 0)	SCREENING	2020-08-10	-30
BNT162-01	RP	BNT162-01-276-02-0207	3	STER_DTC	Date of Sterilization	1991	""	1991		""	1	Visit 0 (Day -30 to 0)	SCREENING	2020-08-10	-30
BNT162-01	RP	BNT162-01-276-02-0208	1	CHILDPOT	Childbearing Potential	No	""	No		""	1	Visit 0 (Day -30 to 0)	SCREENING	2020-08-10	-15
BNT162-01	RP	BNT162-01-276-02-0208	2	LMPSTDTC	Last Menstrual Period Start Date	1999	""	1999		""	1	Visit 0 (Day -30 to 0)	SCREENING	2020-08-10	-15
BNT162-01	RP	BNT162-01-276-02-0208	3	NON_REAS	Reason for Non-childbearing potential	Postmenopausal (>=12 months)	""	Postmenopausal (>=12 months)		""	1	Visit 0 (Day -30 to 0)	SCREENING	2020-08-10	-15
BNT162-01	RP	BNT162-01-276-02-0211	1	CHILDPOT	Childbearing Potential	No	""	No		""	1	Visit 0 (Day -30 to 0)	SCREENING	2020-08-10	-29
BNT162-01	RP	BNT162-01-276-02-0211	2	LMPSTDTC	Last Menstrual Period Start Date	2005	""	2005		""	1	Visit 0 (Day -30 to 0)	SCREENING	2020-08-10	-29
BNT162-01	RP	BNT162-01-276-02-0211	3	NON_REAS	Reason for Non-childbearing potential	Postmenopausal (>=12 months)	""	Postmenopausal (>=12 months)		""	1	Visit 0 (Day -30 to 0)	SCREENING	2020-08-10	-29
BNT162-01	RP	BNT162-01-276-02-0214	1	CHILDPOT	Childbearing Potential	No	""	No		""	1	Visit 0 (Day -30 to 0)	SCREENING	2020-08-11	-15
BNT162-01	RP	BNT162-01-276-02-0214	2	LMPSTDTC	Last Menstrual Period Start Date	1995	""	1995		""	1	Visit 0 (Day -30 to 0)	SCREENING	2020-08-11	-15
BNT162-01	RP	BNT162-01-276-02-0214	3	NON_REAS	Reason for Non-childbearing potential	Postmenopausal (>=12 months),Surgically sterilized	""	Postmenopausal (>=12 months),Surgically sterilized		""	1	Visit 0 (Day -30 to 0)	SCREENING	2020-08-11	-15
BNT162-01	RP	BNT162-01-276-02-0214	4	STER_DTC	Date of Sterilization	1995	""	1995		""	1	Visit 0 (Day -30 to 0)	SCREENING	2020-08-11	-15
BNT162-01	RP	BNT162-01-276-02-0215	1	CHILDPOT	Childbearing Potential	No	""	No		""	1	Visit 0 (Day -30 to 0)	SCREENING	2020-08-11	-21
BNT162-01	RP	BNT162-01-276-02-0215	2	LMPSTDTC	Last Menstrual Period Start Date	1993	""	1993		""	1	Visit 0 (Day -30 to 0)	SCREENING	2020-08-11	-21
BNT162-01	RP	BNT162-01-276-02-0215	3	NON_REAS	Reason for Non-childbearing potential	Postmenopausal (>=12 months)	""	Postmenopausal (>=12 months)		""	1	Visit 0 (Day -30 to 0)	SCREENING	2020-08-11	-21
BNT162-01	RP	BNT162-01-276-02-0216	1	CHILDPOT	Childbearing Potential	No	""	No		""	1	Visit 0 (Day -30 to 0)	SCREENING	2020-08-11	-14
BNT162-01	RP	BNT162-01-276-02-0216	2	LMPSTDTC	Last Menstrual Period Start Date	2005	""	2005		""	1	Visit 0 (Day -30 to 0)	SCREENING	2020-08-11	-14
BNT162-01	RP	BNT162-01-276-02-0216	3	NON_REAS	Reason for Non-childbearing potential	Postmenopausal (>=12 months)	""	Postmenopausal (>=12 months)		""	1	Visit 0 (Day -30 to 0)	SCREENING	2020-08-11	-14
BNT162-01	RP	BNT162-01-276-02-0220	1	CHILDPOT	Childbearing Potential	No	""	No		""	1	Visit 0 (Day -30 to 0)	SCREENING	2020-08-14	-25
BNT162-01	RP	BNT162-01-276-02-0220	2	LMPSTDTC	Last Menstrual Period Start Date	1999	""	1999		""	1	Visit 0 (Day -30 to 0)	SCREENING	2020-08-14	-25
BNT162-01	RP	BNT162-01-276-02-0220	3	NON_REAS	Reason for Non-childbearing potential	Postmenopausal (>=12 months)	""	Postmenopausal (>=12 months)		""	1	Visit 0 (Day -30 to 0)	SCREENING	2020-08-14	-25
BNT162-01	RP	BNT162-01-276-02-0224	1	CHILDPOT	Childbearing Potential	No	""	No		""	1	Visit 0 (Day -30 to 0)	SCREENING	2020-08-14	-18
BNT162-01	RP	BNT162-01-276-02-0224	2	LMPSTDTC	Last Menstrual Period Start Date	2004	""	2004		""	1	Visit 0 (Day -30 to 0)	SCREENING	2020-08-14	-18
BNT162-01	RP	BNT162-01-276-02-0224	3	NON_REAS	Reason for Non-childbearing potential	Postmenopausal (>=12 months)	""	Postmenopausal (>=12 months)		""	1	Visit 0 (Day -30 to 0)	SCREENING	2020-08-14	-18
BNT162-01	RP	BNT162-01-276-02-0227	1	CHILDPOT	Childbearing Potential	No	""	No		""	1	Visit 0 (Day -30 to 0)	SCREENING	2020-08-19	-23
BNT162-01	RP	BNT162-01-276-02-0227	2	LMPSTDTC	Last Menstrual Period Start Date	2006-02-01	""	2006-02-01		""	1	Visit 0 (Day -30 to 0)	SCREENING	2020-08-19	-23
BNT162-01	RP	BNT162-01-276-02-0227	3	NON_REAS	Reason for Non-childbearing potential	Postmenopausal (>=12 months)	""	Postmenopausal (>=12 months)		""	1	Visit 0 (Day -30 to 0)	SCREENING	2020-08-19	-23
BNT162-01	RP	BNT162-01-276-02-0229	1	CHILDPOT	Childbearing Potential	No	""	No		""	1	Visit 0 (Day -30 to 0)	SCREENING	2020-08-19	-13
BNT162-01	RP	BNT162-01-276-02-0229	2	LMPSTDTC	Last Menstrual Period Start Date	2003-12-01	""	2003-12-01		""	1	Visit 0 (Day -30 to 0)	SCREENING	2020-08-19	-13
BNT162-01	RP	BNT162-01-276-02-0229	3	NON_REAS	Reason for Non-childbearing potential	Postmenopausal (>=12 months)	""	Postmenopausal (>=12 months)		""	1	Visit 0 (Day -30 to 0)	SCREENING	2020-08-19	-13
BNT162-01	RP	BNT162-01-276-02-0234	1	CHILDPOT	Childbearing Potential	No	""	No		""	1	Visit 0 (Day -30 to 0)	SCREENING	2020-08-27	-13
BNT162-01	RP	BNT162-01-276-02-0234	2	NON_REAS	Reason for Non-childbearing potential	Surgically sterilized	""	Surgically sterilized		""	1	Visit 0 (Day -30 to 0)	SCREENING	2020-08-27	-13
BNT162-01	RP	BNT162-01-276-02-0234	3	STER_DTC	Date of Sterilization	2000-01	""	2000-01		""	1	Visit 0 (Day -30 to 0)	SCREENING	2020-08-27	-13
BNT162-01	RP	BNT162-01-276-02-0237	1	CHILDPOT	Childbearing Potential	No	""	No		""	1	Visit 0 (Day -30 to 0)	SCREENING	2020-08-27	-15
BNT162-01	RP	BNT162-01-276-02-0237	2	NON_REAS	Reason for Non-childbearing potential	Surgically sterilized	""	Surgically sterilized		""	1	Visit 0 (Day -30 to 0)	SCREENING	2020-08-27	-15
BNT162-01	RP	BNT162-01-276-02-0237	3	STER_DTC	Date of Sterilization	1999	""	1999		""	1	Visit 0 (Day -30 to 0)	SCREENING	2020-08-27	-15
BNT162-01	RP	BNT162-01-276-02-0238	1	CHILDPOT	Childbearing Potential	No	""	No		""	1	Visit 0 (Day -30 to 0)	SCREENING	2020-08-27	-15
BNT162-01	RP	BNT162-01-276-02-0238	2	LMPSTDTC	Last Menstrual Period Start Date	2015	""	2015		""	1	Visit 0 (Day -30 to 0)	SCREENING	2020-08-27	-15
BNT162-01	RP	BNT162-01-276-02-0238	3	NON_REAS	Reason for Non-childbearing potential	Postmenopausal (>=12 months)	""	Postmenopausal (>=12 months)		""	1	Visit 0 (Day -30 to 0)	SCREENING	2020-08-27	-15
BNT162-01	RP	BNT162-01-276-02-0241	1	CHILDPOT	Childbearing Potential	No	""	No		""	1	Visit 0 (Day -30 to 0)	SCREENING	2020-08-28	-12
BNT162-01	RP	BNT162-01-276-02-0241	2	LMPSTDTC	Last Menstrual Period Start Date	1999	""	1999		""	1	Visit 0 (Day -30 to 0)	SCREENING	2020-08-28	-12
BNT162-01	RP	BNT162-01-276-02-0241	3	NON_REAS	Reason for Non-childbearing potential	Postmenopausal (>=12 months)	""	Postmenopausal (>=12 months)		""	1	Visit 0 (Day -30 to 0)	SCREENING	2020-08-28	-12
BNT162-01	RP	BNT162-01-276-02-0242	1	CHILDPOT	Childbearing Potential	No	""	No		""	1	Visit 0 (Day -30 to 0)	SCREENING	2020-08-28	-12
BNT162-01	RP	BNT162-01-276-02-0242	2	LMPSTDTC	Last Menstrual Period Start Date	2004	""	2004		""	1	Visit 0 (Day -30 to 0)	SCREENING	2020-08-28	-12
BNT162-01	RP	BNT162-01-276-02-0242	3	NON_REAS	Reason for Non-childbearing potential	Postmenopausal (>=12 months)	""	Postmenopausal (>=12 months)		""	1	Visit 0 (Day -30 to 0)	SCREENING	2020-08-28	-12
BNT162-01	RP	BNT162-01-276-02-0243	1	CHILDPOT	Childbearing Potential	No	""	No		""	1	Visit 0 (Day -30 to 0)	SCREENING	2020-08-28	-14
BNT162-01	RP	BNT162-01-276-02-0243	2	LMPSTDTC	Last Menstrual Period Start Date	1999	""	1999		""	1	Visit 0 (Day -30 to 0)	SCREENING	2020-08-28	-14
BNT162-01	RP	BNT162-01-276-02-0243	3	NON_REAS	Reason for Non-childbearing potential	Postmenopausal (>=12 months)	""	Postmenopausal (>=12 months)		""	1	Visit 0 (Day -30 to 0)	SCREENING	2020-08-28	-14
