STUDYID	RDOMAIN	USUBJID	IDVAR	IDVARVAL	QNAM	QLABEL	QVAL	QORIG	QEVAL
BNT162-01	EG	BNT162-01-276-01-0025	EGSEQ	3	EGCLSIG	Clinically Significant	N	CRF	INVESTIGATOR
BNT162-01	EG	BNT162-01-276-01-0025	EGSEQ	4	EGCLSIG	Clinically Significant	N	CRF	INVESTIGATOR
BNT162-01	EG	BNT162-01-276-01-0025	EGSEQ	5	CODE	Code of ECG Finding	39	CRF	INVESTIGATOR
BNT162-01	EG	BNT162-01-276-01-0025	EGSEQ	6	CODE	Code of ECG Finding	39	CRF	INVESTIGATOR
BNT162-01	EG	BNT162-01-276-01-0031	EGSEQ	1	CODE	Code of ECG Finding	12	CRF	INVESTIGATOR
BNT162-01	EG	BNT162-01-276-01-0031	EGSEQ	5	EGCLSIG	Clinically Significant	N	CRF	INVESTIGATOR
BNT162-01	EG	BNT162-01-276-01-0033	EGSEQ	4	EGCLSIG	Clinically Significant	N	CRF	INVESTIGATOR
BNT162-01	EG	BNT162-01-276-01-0033	EGSEQ	5	CODE	Code of ECG Finding	39	CRF	INVESTIGATOR
BNT162-01	EG	BNT162-01-276-01-0043	EGSEQ	1	CODE	Code of ECG Finding	1	CRF	INVESTIGATOR
BNT162-01	EG	BNT162-01-276-01-0043	EGSEQ	4	EGCLSIG	Clinically Significant	N	CRF	INVESTIGATOR
BNT162-01	EG	BNT162-01-276-01-0047	EGSEQ	4	EGCLSIG	Clinically Significant	N	CRF	INVESTIGATOR
BNT162-01	EG	BNT162-01-276-01-0047	EGSEQ	5	CODE	Code of ECG Finding	39	CRF	INVESTIGATOR
BNT162-01	EG	BNT162-01-276-01-0059	EGSEQ	1	CODE	Code of ECG Finding	12	CRF	INVESTIGATOR
BNT162-01	EG	BNT162-01-276-01-0059	EGSEQ	5	EGCLSIG	Clinically Significant	N	CRF	INVESTIGATOR
BNT162-01	EG	BNT162-01-276-01-0067	EGSEQ	3	EGCLSIG	Clinically Significant	N	CRF	INVESTIGATOR
BNT162-01	EG	BNT162-01-276-01-0067	EGSEQ	4	EGCLSIG	Clinically Significant	N	CRF	INVESTIGATOR
BNT162-01	EG	BNT162-01-276-01-0067	EGSEQ	5	CODE	Code of ECG Finding	39	CRF	INVESTIGATOR
BNT162-01	EG	BNT162-01-276-01-0067	EGSEQ	6	CODE	Code of ECG Finding	110	CRF	INVESTIGATOR
BNT162-01	EG	BNT162-01-276-01-0089	EGSEQ	1	CODE	Code of ECG Finding	12	CRF	INVESTIGATOR
BNT162-01	EG	BNT162-01-276-01-0089	EGSEQ	5	EGCLSIG	Clinically Significant	N	CRF	INVESTIGATOR
BNT162-01	EG	BNT162-01-276-01-0179	EGSEQ	1	CODE	Code of ECG Finding	24	CRF	INVESTIGATOR
BNT162-01	EG	BNT162-01-276-01-0179	EGSEQ	4	EGCLSIG	Clinically Significant	N	CRF	INVESTIGATOR
BNT162-01	EG	BNT162-01-276-01-0179	EGSEQ	6	CODE	Code of ECG Finding	122	CRF	INVESTIGATOR
BNT162-01	EG	BNT162-01-276-01-0183	EGSEQ	3	EGCLSIG	Clinically Significant	N	CRF	INVESTIGATOR
BNT162-01	EG	BNT162-01-276-01-0183	EGSEQ	4	EGCLSIG	Clinically Significant	N	CRF	INVESTIGATOR
BNT162-01	EG	BNT162-01-276-01-0183	EGSEQ	5	CODE	Code of ECG Finding	100	CRF	INVESTIGATOR
BNT162-01	EG	BNT162-01-276-01-0183	EGSEQ	6	CODE	Code of ECG Finding	110	CRF	INVESTIGATOR
BNT162-01	EG	BNT162-01-276-01-0183	EGSEQ	7	CODE	Code of ECG Finding	120	CRF	INVESTIGATOR
BNT162-01	EG	BNT162-01-276-01-0200	EGSEQ	3	EGCLSIG	Clinically Significant	N	CRF	INVESTIGATOR
BNT162-01	EG	BNT162-01-276-01-0200	EGSEQ	4	EGCLSIG	Clinically Significant	N	CRF	INVESTIGATOR
BNT162-01	EG	BNT162-01-276-01-0200	EGSEQ	5	CODE	Code of ECG Finding	39	CRF	INVESTIGATOR
BNT162-01	EG	BNT162-01-276-01-0200	EGSEQ	6	CODE	Code of ECG Finding	39	CRF	INVESTIGATOR
BNT162-01	EG	BNT162-01-276-01-0221	EGSEQ	3	EGCLSIG	Clinically Significant	N	CRF	INVESTIGATOR
BNT162-01	EG	BNT162-01-276-01-0221	EGSEQ	4	EGCLSIG	Clinically Significant	N	CRF	INVESTIGATOR
BNT162-01	EG	BNT162-01-276-01-0221	EGSEQ	5	CODE	Code of ECG Finding	123	CRF	INVESTIGATOR
BNT162-01	EG	BNT162-01-276-01-0221	EGSEQ	6	CODE	Code of ECG Finding	123	CRF	INVESTIGATOR
BNT162-01	EG	BNT162-01-276-01-0263	EGSEQ	4	EGCLSIG	Clinically Significant	N	CRF	INVESTIGATOR
BNT162-01	EG	BNT162-01-276-01-0263	EGSEQ	5	CODE	Code of ECG Finding	123	CRF	INVESTIGATOR
BNT162-01	EG	BNT162-01-276-01-0277	EGSEQ	1	CODE	Code of ECG Finding	1	CRF	INVESTIGATOR
BNT162-01	EG	BNT162-01-276-01-0277	EGSEQ	2	CODE	Code of ECG Finding	1	CRF	INVESTIGATOR
BNT162-01	EG	BNT162-01-276-01-0277	EGSEQ	5	EGCLSIG	Clinically Significant	N	CRF	INVESTIGATOR
BNT162-01	EG	BNT162-01-276-01-0277	EGSEQ	6	EGCLSIG	Clinically Significant	N	CRF	INVESTIGATOR
BNT162-01	EG	BNT162-01-276-01-0286	EGSEQ	4	EGCLSIG	Clinically Significant	N	CRF	INVESTIGATOR
BNT162-01	EG	BNT162-01-276-01-0286	EGSEQ	5	CODE	Code of ECG Finding	149	CRF	INVESTIGATOR
BNT162-01	EG	BNT162-01-276-01-0303	EGSEQ	1	CODE	Code of ECG Finding	1	CRF	INVESTIGATOR
BNT162-01	EG	BNT162-01-276-01-0303	EGSEQ	5	EGCLSIG	Clinically Significant	N	CRF	INVESTIGATOR
BNT162-01	EG	BNT162-01-276-01-0305	EGSEQ	3	EGCLSIG	Clinically Significant	N	CRF	INVESTIGATOR
BNT162-01	EG	BNT162-01-276-01-0305	EGSEQ	4	EGCLSIG	Clinically Significant	N	CRF	INVESTIGATOR
BNT162-01	EG	BNT162-01-276-01-0305	EGSEQ	5	CODE	Code of ECG Finding	39	CRF	INVESTIGATOR
BNT162-01	EG	BNT162-01-276-01-0305	EGSEQ	6	CODE	Code of ECG Finding	39	CRF	INVESTIGATOR
BNT162-01	EG	BNT162-01-276-01-0316	EGSEQ	3	EGCLSIG	Clinically Significant	N	CRF	INVESTIGATOR
BNT162-01	EG	BNT162-01-276-01-0316	EGSEQ	5	CODE	Code of ECG Finding	123	CRF	INVESTIGATOR
BNT162-01	EG	BNT162-01-276-01-0360	EGSEQ	3	EGCLSIG	Clinically Significant	N	CRF	INVESTIGATOR
BNT162-01	EG	BNT162-01-276-01-0360	EGSEQ	5	CODE	Code of ECG Finding	122	CRF	INVESTIGATOR
BNT162-01	EG	BNT162-01-276-01-0362	EGSEQ	4	EGCLSIG	Clinically Significant	N	CRF	INVESTIGATOR
BNT162-01	EG	BNT162-01-276-01-0362	EGSEQ	5	CODE	Code of ECG Finding	39	CRF	INVESTIGATOR
BNT162-01	EG	BNT162-01-276-02-0101	EGSEQ	3	EGCLSIG	Clinically Significant	N	CRF	INVESTIGATOR
BNT162-01	EG	BNT162-01-276-02-0101	EGSEQ	5	CODE	Code of ECG Finding	187	CRF	INVESTIGATOR
BNT162-01	EG	BNT162-01-276-02-0102	EGSEQ	3	EGCLSIG	Clinically Significant	N	CRF	INVESTIGATOR
BNT162-01	EG	BNT162-01-276-02-0102	EGSEQ	4	EGCLSIG	Clinically Significant	N	CRF	INVESTIGATOR
BNT162-01	EG	BNT162-01-276-02-0102	EGSEQ	5	CODE	Code of ECG Finding	109	CRF	INVESTIGATOR
BNT162-01	EG	BNT162-01-276-02-0102	EGSEQ	6	CODE	Code of ECG Finding	135	CRF	INVESTIGATOR
BNT162-01	EG	BNT162-01-276-02-0102	EGSEQ	7	CODE	Code of ECG Finding	135	CRF	INVESTIGATOR
BNT162-01	EG	BNT162-01-276-02-0121	EGSEQ	3	EGCLSIG	Clinically Significant	N	CRF	INVESTIGATOR
BNT162-01	EG	BNT162-01-276-02-0121	EGSEQ	4	EGCLSIG	Clinically Significant	N	CRF	INVESTIGATOR
BNT162-01	EG	BNT162-01-276-02-0121	EGSEQ	5	CODE	Code of ECG Finding	109	CRF	INVESTIGATOR
BNT162-01	EG	BNT162-01-276-02-0121	EGSEQ	6	CODE	Code of ECG Finding	109	CRF	INVESTIGATOR
BNT162-01	EG	BNT162-01-276-02-0128	EGSEQ	4	EGCLSIG	Clinically Significant	N	CRF	INVESTIGATOR
BNT162-01	EG	BNT162-01-276-02-0128	EGSEQ	5	CODE	Code of ECG Finding	149	CRF	INVESTIGATOR
BNT162-01	EG	BNT162-01-276-02-0145	EGSEQ	4	EGCLSIG	Clinically Significant	N	CRF	INVESTIGATOR
BNT162-01	EG	BNT162-01-276-02-0145	EGSEQ	5	CODE	Code of ECG Finding	135	CRF	INVESTIGATOR
BNT162-01	EG	BNT162-01-276-02-0150	EGSEQ	3	EGCLSIG	Clinically Significant	N	CRF	INVESTIGATOR
BNT162-01	EG	BNT162-01-276-02-0150	EGSEQ	4	EGCLSIG	Clinically Significant	N	CRF	INVESTIGATOR
BNT162-01	EG	BNT162-01-276-02-0150	EGSEQ	5	CODE	Code of ECG Finding	135	CRF	INVESTIGATOR
BNT162-01	EG	BNT162-01-276-02-0150	EGSEQ	6	CODE	Code of ECG Finding	135	CRF	INVESTIGATOR
BNT162-01	EG	BNT162-01-276-02-0150	EGSEQ	7	CODE	Code of ECG Finding	204	CRF	INVESTIGATOR
BNT162-01	EG	BNT162-01-276-02-0153	EGSEQ	3	EGCLSIG	Clinically Significant	N	CRF	INVESTIGATOR
BNT162-01	EG	BNT162-01-276-02-0153	EGSEQ	5	CODE	Code of ECG Finding	110	CRF	INVESTIGATOR
BNT162-01	EG	BNT162-01-276-02-0154	EGSEQ	3	EGCLSIG	Clinically Significant	N	CRF	INVESTIGATOR
BNT162-01	EG	BNT162-01-276-02-0154	EGSEQ	5	CODE	Code of ECG Finding	110	CRF	INVESTIGATOR
BNT162-01	EG	BNT162-01-276-02-0156	EGSEQ	3	EGCLSIG	Clinically Significant	N	CRF	INVESTIGATOR
BNT162-01	EG	BNT162-01-276-02-0156	EGSEQ	4	EGCLSIG	Clinically Significant	N	CRF	INVESTIGATOR
BNT162-01	EG	BNT162-01-276-02-0156	EGSEQ	5	CODE	Code of ECG Finding	135	CRF	INVESTIGATOR
BNT162-01	EG	BNT162-01-276-02-0156	EGSEQ	6	CODE	Code of ECG Finding	123	CRF	INVESTIGATOR
BNT162-01	EG	BNT162-01-276-02-0157	EGSEQ	3	EGCLSIG	Clinically Significant	N	CRF	INVESTIGATOR
BNT162-01	EG	BNT162-01-276-02-0157	EGSEQ	4	EGCLSIG	Clinically Significant	N	CRF	INVESTIGATOR
BNT162-01	EG	BNT162-01-276-02-0157	EGSEQ	5	CODE	Code of ECG Finding	110	CRF	INVESTIGATOR
BNT162-01	EG	BNT162-01-276-02-0157	EGSEQ	6	CODE	Code of ECG Finding	135	CRF	INVESTIGATOR
BNT162-01	EG	BNT162-01-276-02-0157	EGSEQ	7	CODE	Code of ECG Finding	135	CRF	INVESTIGATOR
BNT162-01	EG	BNT162-01-276-02-0159	EGSEQ	3	EGCLSIG	Clinically Significant	N	CRF	INVESTIGATOR
BNT162-01	EG	BNT162-01-276-02-0159	EGSEQ	4	EGCLSIG	Clinically Significant	N	CRF	INVESTIGATOR
BNT162-01	EG	BNT162-01-276-02-0159	EGSEQ	5	CODE	Code of ECG Finding	135	CRF	INVESTIGATOR
BNT162-01	EG	BNT162-01-276-02-0159	EGSEQ	6	CODE	Code of ECG Finding	135	CRF	INVESTIGATOR
BNT162-01	EG	BNT162-01-276-02-0163	EGSEQ	3	EGCLSIG	Clinically Significant	N	CRF	INVESTIGATOR
BNT162-01	EG	BNT162-01-276-02-0163	EGSEQ	5	CODE	Code of ECG Finding	135	CRF	INVESTIGATOR
BNT162-01	EG	BNT162-01-276-02-0173	EGSEQ	4	EGCLSIG	Clinically Significant	N	CRF	INVESTIGATOR
BNT162-01	EG	BNT162-01-276-02-0173	EGSEQ	5	CODE	Code of ECG Finding	110	CRF	INVESTIGATOR
BNT162-01	EG	BNT162-01-276-02-0174	EGSEQ	3	EGCLSIG	Clinically Significant	N	CRF	INVESTIGATOR
BNT162-01	EG	BNT162-01-276-02-0174	EGSEQ	5	CODE	Code of ECG Finding	39	CRF	INVESTIGATOR
BNT162-01	EG	BNT162-01-276-02-0175	EGSEQ	3	EGCLSIG	Clinically Significant	N	CRF	INVESTIGATOR
BNT162-01	EG	BNT162-01-276-02-0175	EGSEQ	4	EGCLSIG	Clinically Significant	N	CRF	INVESTIGATOR
BNT162-01	EG	BNT162-01-276-02-0175	EGSEQ	5	CODE	Code of ECG Finding	135	CRF	INVESTIGATOR
BNT162-01	EG	BNT162-01-276-02-0175	EGSEQ	6	CODE	Code of ECG Finding	135	CRF	INVESTIGATOR
BNT162-01	EG	BNT162-01-276-02-0183	EGSEQ	3	EGCLSIG	Clinically Significant	N	CRF	INVESTIGATOR
BNT162-01	EG	BNT162-01-276-02-0183	EGSEQ	5	CODE	Code of ECG Finding	211	CRF	INVESTIGATOR
BNT162-01	EG	BNT162-01-276-02-0188	EGSEQ	3	EGCLSIG	Clinically Significant	N	CRF	INVESTIGATOR
BNT162-01	EG	BNT162-01-276-02-0188	EGSEQ	4	EGCLSIG	Clinically Significant	N	CRF	INVESTIGATOR
BNT162-01	EG	BNT162-01-276-02-0188	EGSEQ	5	CODE	Code of ECG Finding	110	CRF	INVESTIGATOR
BNT162-01	EG	BNT162-01-276-02-0188	EGSEQ	6	CODE	Code of ECG Finding	135	CRF	INVESTIGATOR
BNT162-01	EG	BNT162-01-276-02-0188	EGSEQ	7	CODE	Code of ECG Finding	135	CRF	INVESTIGATOR
BNT162-01	EG	BNT162-01-276-02-0193	EGSEQ	3	EGCLSIG	Clinically Significant	N	CRF	INVESTIGATOR
BNT162-01	EG	BNT162-01-276-02-0193	EGSEQ	4	EGCLSIG	Clinically Significant	N	CRF	INVESTIGATOR
BNT162-01	EG	BNT162-01-276-02-0193	EGSEQ	5	CODE	Code of ECG Finding	39	CRF	INVESTIGATOR
BNT162-01	EG	BNT162-01-276-02-0193	EGSEQ	6	CODE	Code of ECG Finding	39	CRF	INVESTIGATOR
BNT162-01	EG	BNT162-01-276-02-0193	EGSEQ	7	CODE	Code of ECG Finding	110	CRF	INVESTIGATOR
BNT162-01	EG	BNT162-01-276-02-0204	EGSEQ	3	EGCLSIG	Clinically Significant	N	CRF	INVESTIGATOR
BNT162-01	EG	BNT162-01-276-02-0204	EGSEQ	5	CODE	Code of ECG Finding	39	CRF	INVESTIGATOR
BNT162-01	EG	BNT162-01-276-02-0204	EGSEQ	6	CODE	Code of ECG Finding	110	CRF	INVESTIGATOR
BNT162-01	EG	BNT162-01-276-02-0207	EGSEQ	4	EGCLSIG	Clinically Significant	N	CRF	INVESTIGATOR
BNT162-01	EG	BNT162-01-276-02-0207	EGSEQ	5	CODE	Code of ECG Finding	227	CRF	INVESTIGATOR
BNT162-01	EG	BNT162-01-276-02-0215	EGSEQ	3	EGCLSIG	Clinically Significant	N	CRF	INVESTIGATOR
BNT162-01	EG	BNT162-01-276-02-0215	EGSEQ	5	CODE	Code of ECG Finding	109	CRF	INVESTIGATOR
BNT162-01	EG	BNT162-01-276-02-0225	EGSEQ	1	CODE	Code of ECG Finding	22	CRF	INVESTIGATOR
BNT162-01	EG	BNT162-01-276-02-0225	EGSEQ	2	CODE	Code of ECG Finding	22	CRF	INVESTIGATOR
BNT162-01	EG	BNT162-01-276-02-0225	EGSEQ	5	EGCLSIG	Clinically Significant	N	CRF	INVESTIGATOR
BNT162-01	EG	BNT162-01-276-02-0225	EGSEQ	6	EGCLSIG	Clinically Significant	N	CRF	INVESTIGATOR
BNT162-01	EG	BNT162-01-276-02-0225	EGSEQ	7	CODE	Code of ECG Finding	122	CRF	INVESTIGATOR
BNT162-01	EG	BNT162-01-276-02-0229	EGSEQ	3	EGCLSIG	Clinically Significant	N	CRF	INVESTIGATOR
BNT162-01	EG	BNT162-01-276-02-0229	EGSEQ	4	EGCLSIG	Clinically Significant	N	CRF	INVESTIGATOR
BNT162-01	EG	BNT162-01-276-02-0229	EGSEQ	5	CODE	Code of ECG Finding	122	CRF	INVESTIGATOR
BNT162-01	EG	BNT162-01-276-02-0229	EGSEQ	6	CODE	Code of ECG Finding	123	CRF	INVESTIGATOR
BNT162-01	EG	BNT162-01-276-02-0229	EGSEQ	7	CODE	Code of ECG Finding	187	CRF	INVESTIGATOR
BNT162-01	EG	BNT162-01-276-02-0234	EGSEQ	4	EGCLSIG	Clinically Significant	N	CRF	INVESTIGATOR
BNT162-01	EG	BNT162-01-276-02-0234	EGSEQ	5	CODE	Code of ECG Finding	135	CRF	INVESTIGATOR
